fold,U,W,batch,method_outcome,batch_index2,batch_index,iteration,realTimeInSeconds,elapsedTimeInSeconds
fold1,15.868421052631577,104.43180590078893,batch.ind1,allDMF_postrelapse_num,1,1,1,8.469,0.423918
fold2,31.52941176470588,110.21806176269276,batch.ind1,allDMF_postrelapse_num,1,1,1,8.469,0.423918
fold3,33.39087947882736,110.97220903089446,batch.ind1,allDMF_postrelapse_num,1,1,1,8.469,0.423918
fold4,29.753289473684205,101.56984221333622,batch.ind1,allDMF_postrelapse_num,1,1,1,8.469,0.423918
fold5,13.57234726688103,81.97288999518015,batch.ind1,allDMF_postrelapse_num,1,1,1,8.469,0.423918
fold6,11.559105431309904,82.7941035616115,batch.ind1,allDMF_postrelapse_num,1,1,1,8.469,0.423918
fold7,27.86138613861386,122.67509707849634,batch.ind1,allDMF_postrelapse_num,1,1,1,8.469,0.423918
fold8,19.64169381107492,105.30959340240386,batch.ind1,allDMF_postrelapse_num,1,1,1,8.469,0.423918
fold9,33.06774193548387,100.85548122143472,batch.ind1,allDMF_postrelapse_num,1,1,1,8.469,0.423918
fold10,17.851973684210524,116.62366259591482,batch.ind1,allDMF_postrelapse_num,1,1,1,8.469,0.423918
fold1,31.6327868852459,104.63610596829031,batch.ind2,allDMF_postrelapse_num,1,2,2,8.469,0.423918
fold2,25.368932038834952,104.88977492474233,batch.ind2,allDMF_postrelapse_num,1,2,2,8.469,0.423918
fold3,15.662337662337663,89.86279634123576,batch.ind2,allDMF_postrelapse_num,1,2,2,8.469,0.423918
fold4,26.043189368770765,123.74251468411249,batch.ind2,allDMF_postrelapse_num,1,2,2,8.469,0.423918
fold5,19.57792207792208,101.66047094589189,batch.ind2,allDMF_postrelapse_num,1,2,2,8.469,0.423918
fold6,23.266881028938908,94.64943845447883,batch.ind2,allDMF_postrelapse_num,1,2,2,8.469,0.423918
fold7,29.271844660194173,96.28253025258667,batch.ind2,allDMF_postrelapse_num,1,2,2,8.469,0.423918
fold8,21.60586319218241,107.45525687416811,batch.ind2,allDMF_postrelapse_num,1,2,2,8.469,0.423918
fold9,23.41747572815534,103.66093179960527,batch.ind2,allDMF_postrelapse_num,1,2,2,8.469,0.423918
fold10,17.970198675496686,110.19644532684225,batch.ind2,allDMF_postrelapse_num,1,2,2,8.469,0.423918
fold1,27.14469453376206,84.48378087509987,batch.ind3,allDMF_postrelapse_num,1,3,3,8.469,0.423918
fold2,18.84375,70.38611396303901,batch.ind3,allDMF_postrelapse_num,1,3,3,8.469,0.423918
fold3,15.662337662337663,103.51508040214406,batch.ind3,allDMF_postrelapse_num,1,3,3,8.469,0.423918
fold4,13.794117647058822,111.65317872528888,batch.ind3,allDMF_postrelapse_num,1,3,3,8.469,0.423918
fold5,33.39087947882736,100.26540208281776,batch.ind3,allDMF_postrelapse_num,1,3,3,8.469,0.423918
fold6,29.851485148514847,116.21851302173337,batch.ind3,allDMF_postrelapse_num,1,3,3,8.469,0.423918
fold7,19.770491803278688,106.69299491702292,batch.ind3,allDMF_postrelapse_num,1,3,3,8.469,0.423918
fold8,21.676470588235293,95.84531143052703,batch.ind3,allDMF_postrelapse_num,1,3,3,8.469,0.423918
fold9,25.956953642384104,119.20546119640453,batch.ind3,allDMF_postrelapse_num,1,3,3,8.469,0.423918
fold10,28.04651162790698,130.6807834255425,batch.ind3,allDMF_postrelapse_num,1,3,3,8.469,0.423918
fold1,9.757281553398059,100.60485237535137,batch.ind4,allDMF_postrelapse_num,1,4,4,8.469,0.423918
fold2,15.81639344262295,119.40781633958325,batch.ind4,allDMF_postrelapse_num,1,4,4,8.469,0.423918
fold3,17.563106796116504,78.40553417994059,batch.ind4,allDMF_postrelapse_num,1,4,4,8.469,0.423918
fold4,29.55882352941176,102.73495188629866,batch.ind4,allDMF_postrelapse_num,1,4,4,8.469,0.423918
fold5,29.083601286173636,97.83450088143829,batch.ind4,allDMF_postrelapse_num,1,4,4,8.469,0.423918
fold6,21.535714285714285,96.20920557881544,batch.ind4,allDMF_postrelapse_num,1,4,4,8.469,0.423918
fold7,27.76973684210526,113.9246190424727,batch.ind4,allDMF_postrelapse_num,1,4,4,8.469,0.423918
fold8,23.724590163934423,116.10596829030194,batch.ind4,allDMF_postrelapse_num,1,4,4,8.469,0.423918
fold9,27.67868852459016,104.33839835728952,batch.ind4,allDMF_postrelapse_num,1,4,4,8.469,0.423918
fold10,31.42671009771987,107.32619440970109,batch.ind4,allDMF_postrelapse_num,1,4,4,8.469,0.423918
fold1,19.57792207792208,101.960638950372,batch.ind5,allDMF_postrelapse_num,1,5,5,8.469,0.423918
fold2,23.493506493506494,113.66183098215953,batch.ind5,allDMF_postrelapse_num,1,5,5,8.469,0.423918
fold3,23.64705882352941,91.77195313443653,batch.ind5,allDMF_postrelapse_num,1,5,5,8.469,0.423918
fold4,19.770491803278688,106.25455279900359,batch.ind5,allDMF_postrelapse_num,1,5,5,8.469,0.423918
fold5,25.368932038834952,97.27094754889256,batch.ind5,allDMF_postrelapse_num,1,5,5,8.469,0.423918
fold6,21.747540983606555,108.07868852459015,batch.ind5,allDMF_postrelapse_num,1,5,5,8.469,0.423918
fold7,25.61764705882353,92.95349679913032,batch.ind5,allDMF_postrelapse_num,1,5,5,8.469,0.423918
fold8,15.511254019292606,96.58701809754584,batch.ind5,allDMF_postrelapse_num,1,5,5,8.469,0.423918
fold9,28.328859060402685,146.74387773383128,batch.ind5,allDMF_postrelapse_num,1,5,5,8.469,0.423918
fold10,30.824281150159745,82.78882904396087,batch.ind5,allDMF_postrelapse_num,1,5,5,8.469,0.423918
fold1,19.64169381107492,111.33788601355101,batch.ind1,allDMF_postrelapse_num,2,1,6,7.578,0.4228773
fold2,39.93377483443708,127.94661190965091,batch.ind1,allDMF_postrelapse_num,2,1,6,7.578,0.4228773
fold3,19.96688741721854,112.76576417313731,batch.ind1,allDMF_postrelapse_num,2,1,6,7.578,0.4228773
fold4,25.78618421052631,118.17140386901545,batch.ind1,allDMF_postrelapse_num,2,1,6,7.578,0.4228773
fold5,15.461538461538462,90.67911862265045,batch.ind1,allDMF_postrelapse_num,2,1,6,7.578,0.4228773
fold6,20.033222591362126,129.2547360952881,batch.ind1,allDMF_postrelapse_num,2,1,6,7.578,0.4228773
fold7,19.451612903225808,86.39658210240445,batch.ind1,allDMF_postrelapse_num,2,1,6,7.578,0.4228773
fold8,27.057692307692307,83.40341178328859,batch.ind1,allDMF_postrelapse_num,2,1,6,7.578,0.4228773
fold9,15.561290322580646,88.61734119361462,batch.ind1,allDMF_postrelapse_num,2,1,6,7.578,0.4228773
fold10,31.223300970873787,89.88186040948146,batch.ind1,allDMF_postrelapse_num,2,1,6,7.578,0.4228773
fold1,35.70394736842105,113.09915703015238,batch.ind2,allDMF_postrelapse_num,2,2,7,7.578,0.4228773
fold2,34.78846153846154,95.39906807771284,batch.ind2,allDMF_postrelapse_num,2,2,7,7.578,0.4228773
fold3,19.835526315789473,111.60029179725494,batch.ind2,allDMF_postrelapse_num,2,2,7,7.578,0.4228773
fold4,23.724590163934426,108.71740667182817,batch.ind2,allDMF_postrelapse_num,2,2,7,7.578,0.4228773
fold5,17.45016077170418,89.47371201066969,batch.ind2,allDMF_postrelapse_num,2,2,7,7.578,0.4228773
fold6,25.125,90.74261570052126,batch.ind2,allDMF_postrelapse_num,2,2,7,7.578,0.4228773
fold7,23.493506493506494,98.93751833382224,batch.ind2,allDMF_postrelapse_num,2,2,7,7.578,0.4228773
fold8,15.920792079207919,105.43574521723218,batch.ind2,allDMF_postrelapse_num,2,2,7,7.578,0.4228773
fold9,21.535714285714285,102.0892823808635,batch.ind2,allDMF_postrelapse_num,2,2,7,7.578,0.4228773
fold10,15.973509933774833,121.90051266709273,batch.ind2,allDMF_postrelapse_num,2,2,7,7.578,0.4228773
fold1,25.78618421052631,115.42348427537014,batch.ind3,allDMF_postrelapse_num,2,3,8,7.578,0.4228773
fold2,25.61764705882353,104.84446591778395,batch.ind3,allDMF_postrelapse_num,2,3,8,7.578,0.4228773
fold3,35.821782178217816,113.5432532986358,batch.ind3,allDMF_postrelapse_num,2,3,8,7.578,0.4228773
fold4,15.412140575079873,77.61452722871333,batch.ind3,allDMF_postrelapse_num,2,3,8,7.578,0.4228773
fold5,13.660194174757281,94.65832020892725,batch.ind3,allDMF_postrelapse_num,2,3,8,7.578,0.4228773
fold6,27.588235294117645,106.75975359342914,batch.ind3,allDMF_postrelapse_num,2,3,8,7.578,0.4228773
fold7,17.506451612903227,99.68385772007684,batch.ind3,allDMF_postrelapse_num,2,3,8,7.578,0.4228773
fold8,15.561290322580646,99.43888189706564,batch.ind3,allDMF_postrelapse_num,2,3,8,7.578,0.4228773
fold9,29.65573770491803,114.48210859393409,batch.ind3,allDMF_postrelapse_num,2,3,8,7.578,0.4228773
fold10,27.86138613861386,110.94427389350844,batch.ind3,allDMF_postrelapse_num,2,3,8,7.578,0.4228773
fold1,23.64705882352941,104.87683697709062,batch.ind4,allDMF_postrelapse_num,2,4,9,7.578,0.4228773
fold2,26.043189368770765,137.0925116142632,batch.ind4,allDMF_postrelapse_num,2,4,9,7.578,0.4228773
fold3,13.83934426229508,110.89337866496112,batch.ind4,allDMF_postrelapse_num,2,4,9,7.578,0.4228773
fold4,43.49508196721311,119.29955902649206,batch.ind4,allDMF_postrelapse_num,2,4,9,7.578,0.4228773
fold5,15.314285714285715,78.46868094260292,batch.ind4,allDMF_postrelapse_num,2,4,9,7.578,0.4228773
fold6,13.83934426229508,106.06510250109402,batch.ind4,allDMF_postrelapse_num,2,4,9,7.578,0.4228773
fold7,27.14469453376206,100.63735581716263,batch.ind4,allDMF_postrelapse_num,2,4,9,7.578,0.4228773
fold8,13.794117647058822,92.11724443370777,batch.ind4,allDMF_postrelapse_num,2,4,9,7.578,0.4228773
fold9,27.40909090909091,88.0081868849836,batch.ind4,allDMF_postrelapse_num,2,4,9,7.578,0.4228773
fold10,29.462540716612377,100.39446454728478,batch.ind4,allDMF_postrelapse_num,2,4,9,7.578,0.4228773
fold1,15.76470588235294,109.20916374763458,batch.ind5,allDMF_postrelapse_num,2,5,10,7.578,0.4228773
fold2,9.694533762057878,92.14385601193737,batch.ind5,allDMF_postrelapse_num,2,5,10,7.578,0.4228773
fold3,29.75328947368421,103.18275154004105,batch.ind5,allDMF_postrelapse_num,2,5,10,7.578,0.4228773
fold4,25.044728434504794,81.78667069034515,batch.ind5,allDMF_postrelapse_num,2,5,10,7.578,0.4228773
fold5,31.42671009771987,85.28877860195706,batch.ind5,allDMF_postrelapse_num,2,5,10,7.578,0.4228773
fold6,21.466019417475728,101.70012559558222,batch.ind5,allDMF_postrelapse_num,2,5,10,7.578,0.4228773
fold7,17.970198675496686,127.12114989733058,batch.ind5,allDMF_postrelapse_num,2,5,10,7.578,0.4228773
fold8,39.671052631578945,113.62050145898627,batch.ind5,allDMF_postrelapse_num,2,5,10,7.578,0.4228773
fold9,7.8311688311688314,108.26416704445451,batch.ind5,allDMF_postrelapse_num,2,5,10,7.578,0.4228773
fold10,35.586885245901634,115.1478910694449,batch.ind5,allDMF_postrelapse_num,2,5,10,7.578,0.4228773
fold1,15.611650485436893,87.90502581686968,batch.ind1,allDMF_postrelapse_num,3,1,11,8.473,0.4249187
fold2,23.493506493506494,109.49699991999786,batch.ind1,allDMF_postrelapse_num,3,1,11,8.473,0.4249187
fold3,29.55882352941176,99.47626524942626,batch.ind1,allDMF_postrelapse_num,3,1,11,8.473,0.4249187
fold4,28.424242424242422,138.76099807105967,batch.ind1,allDMF_postrelapse_num,3,1,11,8.473,0.4249187
fold5,19.64169381107492,110.94532101746383,batch.ind1,allDMF_postrelapse_num,3,1,11,8.473,0.4249187
fold6,23.192307692307693,84.84797030484916,batch.ind1,allDMF_postrelapse_num,3,1,11,8.473,0.4249187
fold7,25.534201954397393,108.82116795644409,batch.ind1,allDMF_postrelapse_num,3,1,11,8.473,0.4249187
fold8,9.571428571428571,74.45405299696881,batch.ind1,allDMF_postrelapse_num,3,1,11,8.473,0.4249187
fold9,43.49508196721311,109.80539266839465,batch.ind1,allDMF_postrelapse_num,3,1,11,8.473,0.4249187
fold10,15.920792079207919,114.26791631935266,batch.ind1,allDMF_postrelapse_num,3,1,11,8.473,0.4249187
fold1,5.854368932038835,91.20153106995474,batch.ind2,allDMF_postrelapse_num,3,2,12,8.473,0.4249187
fold2,9.885245901639344,113.3832968660585,batch.ind2,allDMF_postrelapse_num,3,2,12,8.473,0.4249187
fold3,27.76973684210526,119.86577326272558,batch.ind2,allDMF_postrelapse_num,3,2,12,8.473,0.4249187
fold4,29.17741935483871,94.15592501821554,batch.ind2,allDMF_postrelapse_num,3,2,12,8.473,0.4249187
fold5,23.802631578947366,106.91905328001728,batch.ind2,allDMF_postrelapse_num,3,2,12,8.473,0.4249187
fold6,21.39677419354839,99.57202093131086,batch.ind2,allDMF_postrelapse_num,3,2,12,8.473,0.4249187
fold7,33.94370860927152,128.39487604879176,batch.ind2,allDMF_postrelapse_num,3,2,12,8.473,0.4249187
fold8,33.5,106.24181664452229,batch.ind2,allDMF_postrelapse_num,3,2,12,8.473,0.4249187
fold9,19.326923076923077,75.59856262833675,batch.ind2,allDMF_postrelapse_num,3,2,12,8.473,0.4249187
fold10,29.462540716612377,102.32502391160398,batch.ind2,allDMF_postrelapse_num,3,2,12,8.473,0.4249187
fold1,15.363057324840765,77.20961561098106,batch.ind3,allDMF_postrelapse_num,3,3,13,8.473,0.4249187
fold2,25.534201954397393,102.44333117069876,batch.ind3,allDMF_postrelapse_num,3,3,13,8.473,0.4249187
fold3,28.23411371237458,137.88804571020444,batch.ind3,allDMF_postrelapse_num,3,3,13,8.473,0.4249187
fold4,29.753289473684205,102.79717388954933,batch.ind3,allDMF_postrelapse_num,3,3,13,8.473,0.4249187
fold5,23.41747572815534,91.79458144773828,batch.ind3,allDMF_postrelapse_num,3,3,13,8.473,0.4249187
fold6,19.389067524115756,92.6375406881161,batch.ind3,allDMF_postrelapse_num,3,3,13,8.473,0.4249187
fold7,36.05980066445183,129.04082899574996,batch.ind3,allDMF_postrelapse_num,3,3,13,8.473,0.4249187
fold8,17.620129870129873,101.12445665217739,batch.ind3,allDMF_postrelapse_num,3,3,13,8.473,0.4249187
fold9,23.802631578947366,112.58867394358586,batch.ind3,allDMF_postrelapse_num,3,3,13,8.473,0.4249187
fold10,15.461538461538462,91.2982151318907,batch.ind3,allDMF_postrelapse_num,3,3,13,8.473,0.4249187
fold1,26.305369127516776,140.06262144619157,batch.ind4,allDMF_postrelapse_num,3,4,14,8.473,0.4249187
fold2,15.868421052631577,119.96895601426563,batch.ind4,allDMF_postrelapse_num,3,4,14,8.473,0.4249187
fold3,27.76973684210526,119.96895601426563,batch.ind4,allDMF_postrelapse_num,3,4,14,8.473,0.4249187
fold4,31.42671009771987,98.75429572801637,batch.ind4,allDMF_postrelapse_num,3,4,14,8.473,0.4249187
fold5,33.282467532467535,91.22427264727058,batch.ind4,allDMF_postrelapse_num,3,4,14,8.473,0.4249187
fold6,9.63258785942492,85.34697010450631,batch.ind4,allDMF_postrelapse_num,3,4,14,8.473,0.4249187
fold7,25.28709677419355,94.3742730343777,batch.ind4,allDMF_postrelapse_num,3,4,14,8.473,0.4249187
fold8,27.057692307692307,85.72634654872849,batch.ind4,allDMF_postrelapse_num,3,4,14,8.473,0.4249187
fold9,19.835526315789473,107.8259753593429,batch.ind4,allDMF_postrelapse_num,3,4,14,8.473,0.4249187
fold10,17.563106796116504,95.3315125296545,batch.ind4,allDMF_postrelapse_num,3,4,14,8.473,0.4249187
fold1,23.64705882352941,110.29359423440835,batch.ind5,allDMF_postrelapse_num,3,5,15,8.473,0.4249187
fold2,21.819078947368418,101.63501026694044,batch.ind5,allDMF_postrelapse_num,3,5,15,8.473,0.4249187
fold3,29.083601286173636,91.69794727216306,batch.ind5,allDMF_postrelapse_num,3,5,15,8.473,0.4249187
fold4,25.61764705882353,115.99629584893505,batch.ind5,allDMF_postrelapse_num,3,5,15,8.473,0.4249187
fold5,25.534201954397393,99.3834752422931,batch.ind5,allDMF_postrelapse_num,3,5,15,8.473,0.4249187
fold6,23.41747572815534,90.43216841769501,batch.ind5,allDMF_postrelapse_num,3,5,15,8.473,0.4249187
fold7,23.493506493506494,102.73785967625803,batch.ind5,allDMF_postrelapse_num,3,5,15,8.473,0.4249187
fold8,25.87128712871287,103.9537276109541,batch.ind5,allDMF_postrelapse_num,3,5,15,8.473,0.4249187
fold9,11.522292993630574,85.17506114388104,batch.ind5,allDMF_postrelapse_num,3,5,15,8.473,0.4249187
fold10,24.039867109634553,136.3685183542879,batch.ind5,allDMF_postrelapse_num,3,5,15,8.473,0.4249187
fold1,38.06312292358804,123.01852142413719,batch.ind1,allDMF_postrelapse_num,4,1,16,8.475,0.4275043
fold2,15.76470588235294,95.32737448162015,batch.ind1,allDMF_postrelapse_num,4,1,16,8.475,0.4275043
fold3,29.366883116883116,100.92077122056588,batch.ind1,allDMF_postrelapse_num,4,1,16,8.475,0.4275043
fold4,19.835526315789473,115.61898843618286,batch.ind1,allDMF_postrelapse_num,4,1,16,8.475,0.4275043
fold5,21.60586319218241,101.05590967767827,batch.ind1,allDMF_postrelapse_num,4,1,16,8.475,0.4275043
fold6,13.485623003194888,88.73321043619737,batch.ind1,allDMF_postrelapse_num,4,1,16,8.475,0.4275043
fold7,23.34193548387097,102.47977743922634,batch.ind1,allDMF_postrelapse_num,4,1,16,8.475,0.4275043
fold8,23.34193548387097,86.96641716897398,batch.ind1,allDMF_postrelapse_num,4,1,16,8.475,0.4275043
fold9,23.881188118811878,119.45497794132595,batch.ind1,allDMF_postrelapse_num,4,1,16,8.475,0.4275043
fold10,25.534201954397393,103.89528389595274,batch.ind1,allDMF_postrelapse_num,4,1,16,8.475,0.4275043
fold1,15.920792079207919,113.24902921503649,batch.ind2,allDMF_postrelapse_num,4,2,17,8.475,0.4275043
fold2,29.366883116883116,111.1104029440785,batch.ind2,allDMF_postrelapse_num,4,2,17,8.475,0.4275043
fold3,27.40909090909091,102.94690525080668,batch.ind2,allDMF_postrelapse_num,4,2,17,8.475,0.4275043
fold4,23.34193548387097,85.8640259654236,batch.ind2,allDMF_postrelapse_num,4,2,17,8.475,0.4275043
fold5,13.749185667752442,102.1206750095312,batch.ind2,allDMF_postrelapse_num,4,2,17,8.475,0.4275043
fold6,19.57792207792208,88.59780260806954,batch.ind2,allDMF_postrelapse_num,4,2,17,8.475,0.4275043
fold7,23.881188118811878,123.05105007420659,batch.ind2,allDMF_postrelapse_num,4,2,17,8.475,0.4275043
fold8,21.535714285714285,92.62326995386543,batch.ind2,allDMF_postrelapse_num,4,2,17,8.475,0.4275043
fold9,26.88535031847134,89.51267999843054,batch.ind2,allDMF_postrelapse_num,4,2,17,8.475,0.4275043
fold10,32.16,128.75556468172485,batch.ind2,allDMF_postrelapse_num,4,2,17,8.475,0.4275043
fold1,31.841584158415838,125.6009921320674,batch.ind3,allDMF_postrelapse_num,4,3,18,8.475,0.4275043
fold2,31.52941176470588,109.40339010347465,batch.ind3,allDMF_postrelapse_num,4,3,18,8.475,0.4275043
fold3,39.671052631578945,117.036393602075,batch.ind3,allDMF_postrelapse_num,4,3,18,8.475,0.4275043
fold4,25.451298701298704,92.84839595722552,batch.ind3,allDMF_postrelapse_num,4,3,18,8.475,0.4275043
fold5,17.39423076923077,80.11743800347497,batch.ind3,allDMF_postrelapse_num,4,3,18,8.475,0.4275043
fold6,19.389067524115756,80.42813471810481,batch.ind3,allDMF_postrelapse_num,4,3,18,8.475,0.4275043
fold7,15.76470588235294,110.7683697709063,batch.ind3,allDMF_postrelapse_num,4,3,18,8.475,0.4275043
fold8,5.779552715654952,88.52750424782361,batch.ind3,allDMF_postrelapse_num,4,3,18,8.475,0.4275043
fold9,23.96026490066225,114.19255612820756,batch.ind3,allDMF_postrelapse_num,4,3,18,8.475,0.4275043
fold10,23.802631578947366,119.19780071328216,batch.ind3,allDMF_postrelapse_num,4,3,18,8.475,0.4275043
fold1,39.671052631578945,117.32421917216037,batch.ind4,allDMF_postrelapse_num,4,4,19,8.475,0.4275043
fold2,27.320388349514563,96.96106536951018,batch.ind4,allDMF_postrelapse_num,4,4,19,8.475,0.4275043
fold3,27.86138613861386,121.28570557261064,batch.ind4,allDMF_postrelapse_num,4,4,19,8.475,0.4275043
fold4,21.191693290734825,85.83222572836235,batch.ind4,allDMF_postrelapse_num,4,4,19,8.475,0.4275043
fold5,19.835526315789473,113.44128931157462,batch.ind4,allDMF_postrelapse_num,4,4,19,8.475,0.4275043
fold6,17.677524429967427,90.66638128808299,batch.ind4,allDMF_postrelapse_num,4,4,19,8.475,0.4275043
fold7,25.61764705882353,109.51129363449691,batch.ind4,allDMF_postrelapse_num,4,4,19,8.475,0.4275043
fold8,15.81639344262295,105.53464166694718,batch.ind4,allDMF_postrelapse_num,4,4,19,8.475,0.4275043
fold9,17.735294117647058,113.24475580786729,batch.ind4,allDMF_postrelapse_num,4,4,19,8.475,0.4275043
fold10,21.259615384615383,83.75793713473385,batch.ind4,allDMF_postrelapse_num,4,4,19,8.475,0.4275043
fold1,31.02250803858521,96.5923265349241,batch.ind5,allDMF_postrelapse_num,4,5,20,8.475,0.4275043
fold2,29.851485148514847,109.38597596926016,batch.ind5,allDMF_postrelapse_num,4,5,20,8.475,0.4275043
fold3,31.52941176470588,101.44550469058258,batch.ind5,allDMF_postrelapse_num,4,5,20,8.475,0.4275043
fold4,17.793442622950817,108.92309556670145,batch.ind5,allDMF_postrelapse_num,4,5,20,8.475,0.4275043
fold5,9.63258785942492,81.07461080751293,batch.ind5,allDMF_postrelapse_num,4,5,20,8.475,0.4275043
fold6,11.670967741935485,95.65773332450156,batch.ind5,allDMF_postrelapse_num,4,5,20,8.475,0.4275043
fold7,17.970198675496686,123.64436950106747,batch.ind5,allDMF_postrelapse_num,4,5,20,8.475,0.4275043
fold8,37.93708609271523,125.95128982688985,batch.ind5,allDMF_postrelapse_num,4,5,20,8.475,0.4275043
fold9,37.44117647058823,106.62487417965133,batch.ind5,allDMF_postrelapse_num,4,5,20,8.475,0.4275043
fold10,9.694533762057878,88.62967046752544,batch.ind5,allDMF_postrelapse_num,4,5,20,8.475,0.4275043
fold1,30.661016949152543,153.597494170466,batch.ind1,allDMF_postrelapse_num,5,1,21,8.475,0.4264069
fold2,25.368932038834952,98.27539323378721,batch.ind1,allDMF_postrelapse_num,5,1,21,8.475,0.4264069
fold3,13.57234726688103,86.9150451943456,batch.ind1,allDMF_postrelapse_num,5,1,21,8.475,0.4264069
fold4,11.862295081967211,111.8568687514727,batch.ind1,allDMF_postrelapse_num,5,1,21,8.475,0.4264069
fold5,40.980582524271846,100.86130659277127,batch.ind1,allDMF_postrelapse_num,5,1,21,8.475,0.4264069
fold6,13.704545454545455,106.1415504413451,batch.ind1,allDMF_postrelapse_num,5,1,21,8.475,0.4264069
fold7,19.326923076923077,90.22405623124308,batch.ind1,allDMF_postrelapse_num,5,1,21,8.475,0.4264069
fold8,23.34193548387097,98.16074716831159,batch.ind1,allDMF_postrelapse_num,5,1,21,8.475,0.4264069
fold9,29.55882352941176,86.52244635020332,batch.ind1,allDMF_postrelapse_num,5,1,21,8.475,0.4264069
fold10,25.78618421052631,106.27823408624229,batch.ind1,allDMF_postrelapse_num,5,1,21,8.475,0.4264069
fold1,19.203821656050955,81.30537935364052,batch.ind2,allDMF_postrelapse_num,5,2,22,8.475,0.4264069
fold2,9.725806451612904,94.41155196396635,batch.ind2,allDMF_postrelapse_num,5,2,22,8.475,0.4264069
fold3,23.41747572815534,100.70102270688383,batch.ind2,allDMF_postrelapse_num,5,2,22,8.475,0.4264069
fold4,15.81639344262295,107.31547446729726,batch.ind2,allDMF_postrelapse_num,5,2,22,8.475,0.4264069
fold5,38.446308724832214,138.45601752959496,batch.ind2,allDMF_postrelapse_num,5,2,22,8.475,0.4264069
fold6,23.5700325732899,113.25231256981185,batch.ind2,allDMF_postrelapse_num,5,2,22,8.475,0.4264069
fold7,21.963576158940395,107.32099487332906,batch.ind2,allDMF_postrelapse_num,5,2,22,8.475,0.4264069
fold8,27.498371335504885,103.137041917209,batch.ind2,allDMF_postrelapse_num,5,2,22,8.475,0.4264069
fold9,30.923076923076923,91.72152898436266,batch.ind2,allDMF_postrelapse_num,5,2,22,8.475,0.4264069
fold10,23.724590163934426,100.59810818998888,batch.ind2,allDMF_postrelapse_num,5,2,22,8.475,0.4264069
fold1,35.240259740259745,101.77303394757193,batch.ind3,allDMF_postrelapse_num,5,3,23,8.475,0.4264069
fold2,17.677524429967427,90.6072276585356,batch.ind3,allDMF_postrelapse_num,5,3,23,8.475,0.4264069
fold3,27.320388349514563,96.28787304878291,batch.ind3,allDMF_postrelapse_num,5,3,23,8.475,0.4264069
fold4,15.713355048859935,101.31403460661231,batch.ind3,allDMF_postrelapse_num,5,3,23,8.475,0.4264069
fold5,33.1747572815534,105.28514184326468,batch.ind3,allDMF_postrelapse_num,5,3,23,8.475,0.4264069
fold6,9.757281553398059,98.89515759255198,batch.ind3,allDMF_postrelapse_num,5,3,23,8.475,0.4264069
fold7,23.724590163934426,102.43306964688458,batch.ind3,allDMF_postrelapse_num,5,3,23,8.475,0.4264069
fold8,17.851973684210524,114.58716092078244,batch.ind3,allDMF_postrelapse_num,5,3,23,8.475,0.4264069
fold9,19.835526315789473,108.76548146547066,batch.ind3,allDMF_postrelapse_num,5,3,23,8.475,0.4264069
fold10,33.39087947882736,116.59718144058218,batch.ind3,allDMF_postrelapse_num,5,3,23,8.475,0.4264069
fold1,25.28709677419355,91.43456315824336,batch.ind4,allDMF_postrelapse_num,5,4,24,8.475,0.4264069
fold2,28.328859060402685,125.94666703416341,batch.ind4,allDMF_postrelapse_num,5,4,24,8.475,0.4264069
fold3,21.535714285714285,104.01893383823568,batch.ind4,allDMF_postrelapse_num,5,4,24,8.475,0.4264069
fold4,13.88486842105263,119.47476494110018,batch.ind4,allDMF_postrelapse_num,5,4,24,8.475,0.4264069
fold5,19.9009900990099,122.71868583162217,batch.ind4,allDMF_postrelapse_num,5,4,24,8.475,0.4264069
fold6,24.650943396226413,62.74030452132811,batch.ind4,allDMF_postrelapse_num,5,4,24,8.475,0.4264069
fold7,23.96026490066225,124.71036349048777,batch.ind4,allDMF_postrelapse_num,5,4,24,8.475,0.4264069
fold8,29.462540716612377,106.45502277454868,batch.ind4,allDMF_postrelapse_num,5,4,24,8.475,0.4264069
fold9,19.389067524115756,79.98222597833049,batch.ind4,allDMF_postrelapse_num,5,4,24,8.475,0.4264069
fold10,27.40909090909091,102.1375236672978,batch.ind4,allDMF_postrelapse_num,5,4,24,8.475,0.4264069
fold1,25.368932038834952,91.63429756185084,batch.ind5,allDMF_postrelapse_num,5,5,25,8.475,0.4264069
fold2,17.620129870129873,97.62964345715885,batch.ind5,allDMF_postrelapse_num,5,5,25,8.475,0.4264069
fold3,21.819078947368418,108.11923160056197,batch.ind5,allDMF_postrelapse_num,5,5,25,8.475,0.4264069
fold4,45.17589576547231,107.29930639627045,batch.ind5,allDMF_postrelapse_num,5,5,25,8.475,0.4264069
fold5,16.026578073089702,127.51057051443851,batch.ind5,allDMF_postrelapse_num,5,5,25,8.475,0.4264069
fold6,17.735294117647058,109.87816563997262,batch.ind5,allDMF_postrelapse_num,5,5,25,8.475,0.4264069
fold7,19.514563106796118,99.2638105300931,batch.ind5,allDMF_postrelapse_num,5,5,25,8.475,0.4264069
fold8,29.366883116883116,96.45041201098695,batch.ind5,allDMF_postrelapse_num,5,5,25,8.475,0.4264069
fold9,17.620129870129873,103.70804554788127,batch.ind5,allDMF_postrelapse_num,5,5,25,8.475,0.4264069
fold10,23.41747572815534,95.56125276609318,batch.ind5,allDMF_postrelapse_num,5,5,25,8.475,0.4264069
fold1,12.100334448160536,102.52845556372029,batch.ind1,allGA_postrelapse_num,1,1,1,8.453,0.4252617
fold2,28.424242424242422,119.46686578308756,batch.ind1,allGA_postrelapse_num,1,1,1,8.453,0.4252617
fold3,42.7804054054054,118.65458682501803,batch.ind1,allGA_postrelapse_num,1,1,1,8.453,0.4252617
fold4,22.183946488294318,92.0265910323941,batch.ind1,allGA_postrelapse_num,1,1,1,8.453,0.4252617
fold5,45.43150684931507,124.61649461337234,batch.ind1,allGA_postrelapse_num,1,1,1,8.453,0.4252617
fold6,22.872413793103448,124.47397861644126,batch.ind1,allGA_postrelapse_num,1,1,1,8.453,0.4252617
fold7,40.2,89.28197125256673,batch.ind1,allGA_postrelapse_num,1,1,1,8.453,0.4252617
fold8,20.37162162162162,95.11218713580111,batch.ind1,allGA_postrelapse_num,1,1,1,8.453,0.4252617
fold9,45.276450511945384,128.05085113987568,batch.ind1,allGA_postrelapse_num,1,1,1,8.453,0.4252617
fold10,36.30100334448161,92.91555012258522,batch.ind1,allGA_postrelapse_num,1,1,1,8.453,0.4252617
fold1,26.305369127516776,94.56803053897993,batch.ind2,allGA_postrelapse_num,1,2,2,8.453,0.4252617
fold2,26.663265306122447,113.96429619075556,batch.ind2,allGA_postrelapse_num,1,2,2,8.453,0.4252617
fold3,38.83728813559322,116.96936623394703,batch.ind2,allGA_postrelapse_num,1,2,2,8.453,0.4252617
fold4,27.953642384105965,77.6754286957586,batch.ind2,allGA_postrelapse_num,1,2,2,8.453,0.4252617
fold5,44.96949152542373,122.0284690077611,batch.ind2,allGA_postrelapse_num,1,2,2,8.453,0.4252617
fold6,35.10616438356164,122.98253213693003,batch.ind2,allGA_postrelapse_num,1,2,2,8.453,0.4252617
fold7,22.56122448979592,117.83329841176717,batch.ind2,allGA_postrelapse_num,1,2,2,8.453,0.4252617
fold8,34.63175675675676,113.4898718019868,batch.ind2,allGA_postrelapse_num,1,2,2,8.453,0.4252617
fold9,30.76530612244898,110.53329422117923,batch.ind2,allGA_postrelapse_num,1,2,2,8.453,0.4252617
fold10,28.04651162790698,97.03155122896301,batch.ind2,allGA_postrelapse_num,1,2,2,8.453,0.4252617
fold1,24.78082191780822,121.5521082388681,batch.ind3,allGA_postrelapse_num,1,3,3,8.453,0.4252617
fold2,21.30742049469965,170.9143889537879,batch.ind3,allGA_postrelapse_num,1,3,3,8.453,0.4252617
fold3,36.79322033898305,117.95992064873143,batch.ind3,allGA_postrelapse_num,1,3,3,8.453,0.4252617
fold4,36.54545454545455,101.64022151701823,batch.ind3,allGA_postrelapse_num,1,3,3,8.453,0.4252617
fold5,36.66891891891892,99.06101892446861,batch.ind3,allGA_postrelapse_num,1,3,3,8.453,0.4252617
fold6,38.190000000000005,95.12624229979467,batch.ind3,allGA_postrelapse_num,1,3,3,8.453,0.4252617
fold7,24.28187919463087,105.76439783360667,batch.ind3,allGA_postrelapse_num,1,3,3,8.453,0.4252617
fold8,26.393939393939394,106.5763175906913,batch.ind3,allGA_postrelapse_num,1,3,3,8.453,0.4252617
fold9,40.06644518272425,90.36752235873578,batch.ind3,allGA_postrelapse_num,1,3,3,8.453,0.4252617
fold10,29.95033112582782,80.86247739233312,batch.ind3,allGA_postrelapse_num,1,3,3,8.453,0.4252617
fold1,45.12244897959184,106.33859950551062,batch.ind4,allGA_postrelapse_num,1,4,4,8.453,0.4252617
fold2,22.258389261744966,96.96131637335833,batch.ind4,allGA_postrelapse_num,1,4,4,8.453,0.4252617
fold3,36.91836734693877,121.27553115702133,batch.ind4,allGA_postrelapse_num,1,4,4,8.453,0.4252617
fold4,40.60606060606061,109.13330429552195,batch.ind4,allGA_postrelapse_num,1,4,4,8.453,0.4252617
fold5,30.976027397260275,113.461449748249,batch.ind4,allGA_postrelapse_num,1,4,4,8.453,0.4252617
fold6,38.83728813559322,116.49367626074549,batch.ind4,allGA_postrelapse_num,1,4,4,8.453,0.4252617
fold7,32.2675585284281,98.8732324723754,batch.ind4,allGA_postrelapse_num,1,4,4,8.453,0.4252617
fold8,28.328859060402685,110.60082962391301,batch.ind4,allGA_postrelapse_num,1,4,4,8.453,0.4252617
fold9,26.305369127516776,104.64531510549455,batch.ind4,allGA_postrelapse_num,1,4,4,8.453,0.4252617
fold10,14.260135135135137,108.34746656307232,batch.ind4,allGA_postrelapse_num,1,4,4,8.453,0.4252617
fold1,30.661016949152543,117.27716562837156,batch.ind5,allGA_postrelapse_num,1,5,5,8.453,0.4252617
fold2,38.83728813559322,118.26772004315595,batch.ind5,allGA_postrelapse_num,1,5,5,8.453,0.4252617
fold3,22.333333333333332,109.8392549727252,batch.ind5,allGA_postrelapse_num,1,5,5,8.453,0.4252617
fold4,36.422818791946305,102.29080936565468,batch.ind5,allGA_postrelapse_num,1,5,5,8.453,0.4252617
fold5,36.91836734693877,105.10321418094958,batch.ind5,allGA_postrelapse_num,1,5,5,8.453,0.4252617
fold6,32.375838926174495,94.02510921544038,batch.ind5,allGA_postrelapse_num,1,5,5,8.453,0.4252617
fold7,28.424242424242422,98.82197747495489,batch.ind5,allGA_postrelapse_num,1,5,5,8.453,0.4252617
fold8,35.10616438356164,129.89718995246267,batch.ind5,allGA_postrelapse_num,1,5,5,8.453,0.4252617
fold9,19.770491803278688,76.240212744471,batch.ind5,allGA_postrelapse_num,1,5,5,8.453,0.4252617
fold10,35.34827586206896,136.05321815478297,batch.ind5,allGA_postrelapse_num,1,5,5,8.453,0.4252617
fold1,32.5945945945946,109.68605361007825,batch.ind1,allGA_postrelapse_num,2,1,6,8.085,0.4235504
fold2,26.043189368770765,83.2043769229195,batch.ind1,allGA_postrelapse_num,2,1,6,8.085,0.4235504
fold3,32.053156146179404,88.55753920879751,batch.ind1,allGA_postrelapse_num,2,1,6,8.085,0.4235504
fold4,34.284280936454856,104.77569997184318,batch.ind1,allGA_postrelapse_num,2,1,6,8.085,0.4235504
fold5,29.010309278350512,126.68430745782086,batch.ind1,allGA_postrelapse_num,2,1,6,8.085,0.4235504
fold6,29.950331125827816,91.56068373743831,batch.ind1,allGA_postrelapse_num,2,1,6,8.085,0.4235504
fold7,24.696245733788395,124.8898669152224,batch.ind1,allGA_postrelapse_num,2,1,6,8.085,0.4235504
fold8,41.44329896907216,122.36126929020512,batch.ind1,allGA_postrelapse_num,2,1,6,8.085,0.4235504
fold9,32.92832764505119,117.45789152784688,batch.ind1,allGA_postrelapse_num,2,1,6,8.085,0.4235504
fold10,32.816326530612244,118.61383732137618,batch.ind1,allGA_postrelapse_num,2,1,6,8.085,0.4235504
fold1,32.2675585284281,96.61494509418803,batch.ind2,allGA_postrelapse_num,2,2,7,8.085,0.4235504
fold2,47.65979381443299,123.59804398907681,batch.ind2,allGA_postrelapse_num,2,2,7,8.085,0.4235504
fold3,24.200668896321073,105.77508876267916,batch.ind2,allGA_postrelapse_num,2,2,7,8.085,0.4235504
fold4,20.234899328859058,102.7118503920731,batch.ind2,allGA_postrelapse_num,2,2,7,8.085,0.4235504
fold5,53.6917808219178,125.99603386683918,batch.ind2,allGA_postrelapse_num,2,2,7,8.085,0.4235504
fold6,24.865979381443296,130.15068058172272,batch.ind2,allGA_postrelapse_num,2,2,7,8.085,0.4235504
fold7,20.440677966101696,117.28276198099746,batch.ind2,allGA_postrelapse_num,2,2,7,8.085,0.4235504
fold8,42.21000000000001,86.22776180698153,batch.ind2,allGA_postrelapse_num,2,2,7,8.085,0.4235504
fold9,28.616949152542375,109.16245432081578,batch.ind2,allGA_postrelapse_num,2,2,7,8.085,0.4235504
fold10,22.03654485049834,89.95067775450757,batch.ind2,allGA_postrelapse_num,2,2,7,8.085,0.4235504
fold1,30.250836120401342,96.90206231586465,batch.ind3,allGA_postrelapse_num,2,3,8,8.085,0.4235504
fold2,40.60606060606061,92.66297471636281,batch.ind3,allGA_postrelapse_num,2,3,8,8.085,0.4235504
fold3,30.150000000000002,94.3723203285421,batch.ind3,allGA_postrelapse_num,2,3,8,8.085,0.4235504
fold4,41.58620689655172,130.35468384904055,batch.ind3,allGA_postrelapse_num,2,3,8,8.085,0.4235504
fold5,32.816326530612244,129.78284373297575,batch.ind3,allGA_postrelapse_num,2,3,8,8.085,0.4235504
fold6,30.454545454545453,106.73751892643062,batch.ind3,allGA_postrelapse_num,2,3,8,8.085,0.4235504
fold7,28.812286689419793,112.4262357121332,batch.ind3,allGA_postrelapse_num,2,3,8,8.085,0.4235504
fold8,22.638225255972692,124.81661772641581,batch.ind3,allGA_postrelapse_num,2,3,8,8.085,0.4235504
fold9,24.28187919463087,108.34604412717226,batch.ind3,allGA_postrelapse_num,2,3,8,8.085,0.4235504
fold10,34.17,90.77880903490761,batch.ind3,allGA_postrelapse_num,2,3,8,8.085,0.4235504
fold1,36.54545454545455,111.67361500010371,batch.ind4,allGA_postrelapse_num,2,4,9,8.085,0.4235504
fold2,13.976821192052983,83.79806084012131,batch.ind4,allGA_postrelapse_num,2,4,9,8.085,0.4235504
fold3,24.28187919463087,105.78655788762869,batch.ind4,allGA_postrelapse_num,2,4,9,8.085,0.4235504
fold4,38.446308724832214,94.4350702148478,batch.ind4,allGA_postrelapse_num,2,4,9,8.085,0.4235504
fold5,31.40625,146.09531143052703,batch.ind4,allGA_postrelapse_num,2,4,9,8.085,0.4235504
fold6,32.375838926174495,99.77564323415515,batch.ind4,allGA_postrelapse_num,2,4,9,8.085,0.4235504
fold7,51.62671232876712,114.08337318218896,batch.ind4,allGA_postrelapse_num,2,4,9,8.085,0.4235504
fold8,24.363636363636363,106.04824424947628,batch.ind4,allGA_postrelapse_num,2,4,9,8.085,0.4235504
fold9,40.88135593220339,113.46604949013329,batch.ind4,allGA_postrelapse_num,2,4,9,8.085,0.4235504
fold10,22.408783783783786,112.39669238026528,batch.ind4,allGA_postrelapse_num,2,4,9,8.085,0.4235504
fold1,42.63636363636363,94.5306867442391,batch.ind5,allGA_postrelapse_num,2,5,10,8.085,0.4235504
fold2,45.43150684931507,130.30992095862283,batch.ind5,allGA_postrelapse_num,2,5,10,8.085,0.4235504
fold3,38.317725752508366,101.22538509611094,batch.ind5,allGA_postrelapse_num,2,5,10,8.085,0.4235504
fold4,29.110344827586204,140.67011258231253,batch.ind5,allGA_postrelapse_num,2,5,10,8.085,0.4235504
fold5,38.70608108108108,110.22148842888062,batch.ind5,allGA_postrelapse_num,2,5,10,8.085,0.4235504
fold6,32.816326530612244,117.33914428194275,batch.ind5,allGA_postrelapse_num,2,5,10,8.085,0.4235504
fold7,28.04651162790698,89.45156118891853,batch.ind5,allGA_postrelapse_num,2,5,10,8.085,0.4235504
fold8,14.117056856187293,96.9186267709614,batch.ind5,allGA_postrelapse_num,2,5,10,8.085,0.4235504
fold9,36.79322033898305,106.82877527581526,batch.ind5,allGA_postrelapse_num,2,5,10,8.085,0.4235504
fold10,10.117449664429529,99.90306354478179,batch.ind5,allGA_postrelapse_num,2,5,10,8.085,0.4235504
fold1,26.663265306122447,115.85668189246951,batch.ind1,allGA_postrelapse_num,3,1,11,8.246,0.4244938
fold2,51.101694915254235,103.29747676887203,batch.ind1,allGA_postrelapse_num,3,1,11,8.246,0.4244938
fold3,22.333333333333332,111.0788376578931,batch.ind1,allGA_postrelapse_num,3,1,11,8.246,0.4244938
fold4,27.588235294117645,78.81813423521359,batch.ind1,allGA_postrelapse_num,3,1,11,8.246,0.4244938
fold5,28.520270270270274,113.4229424496365,batch.ind1,allGA_postrelapse_num,3,1,11,8.246,0.4244938
fold6,43.51546391752577,132.0342090222062,batch.ind1,allGA_postrelapse_num,3,1,11,8.246,0.4244938
fold7,20.37162162162162,103.2273711082746,batch.ind1,allGA_postrelapse_num,3,1,11,8.246,0.4244938
fold8,41.875,141.73297399041752,batch.ind1,allGA_postrelapse_num,3,1,11,8.246,0.4244938
fold9,36.42281879194631,93.00574673042736,batch.ind1,allGA_postrelapse_num,3,1,11,8.246,0.4244938
fold10,18.090000000000003,95.90217659137578,batch.ind1,allGA_postrelapse_num,3,1,11,8.246,0.4244938
fold1,36.91836734693877,115.19406612747768,batch.ind2,allGA_postrelapse_num,3,2,12,8.246,0.4244938
fold2,28.328859060402685,93.21626724363657,batch.ind2,allGA_postrelapse_num,3,2,12,8.246,0.4244938
fold3,36.30100334448161,102.77140090513898,batch.ind2,allGA_postrelapse_num,3,2,12,8.246,0.4244938
fold4,43.21843003412969,129.81446622421876,batch.ind2,allGA_postrelapse_num,3,2,12,8.246,0.4244938
fold5,32.2675585284281,92.09284885278102,batch.ind2,allGA_postrelapse_num,3,2,12,8.246,0.4244938
fold6,30.87030716723549,117.05783826590324,batch.ind2,allGA_postrelapse_num,3,2,12,8.246,0.4244938
fold7,24.039867109634553,96.73537216806402,batch.ind2,allGA_postrelapse_num,3,2,12,8.246,0.4244938
fold8,20.303030303030305,107.6213469396221,batch.ind2,allGA_postrelapse_num,3,2,12,8.246,0.4244938
fold9,31.08247422680412,125.08444293909693,batch.ind2,allGA_postrelapse_num,3,2,12,8.246,0.4244938
fold10,32.5945945945946,107.34910372384705,batch.ind2,allGA_postrelapse_num,3,2,12,8.246,0.4244938
fold1,33.384083044982695,140.14574081837105,batch.ind3,allGA_postrelapse_num,3,3,13,8.246,0.4244938
fold2,30.557432432432435,93.43895332704368,batch.ind3,allGA_postrelapse_num,3,3,13,8.246,0.4244938
fold3,37.68750000000001,82.48646384956231,batch.ind3,allGA_postrelapse_num,3,3,13,8.246,0.4244938
fold4,34.284280936454856,106.31067281080672,batch.ind3,allGA_postrelapse_num,3,3,13,8.246,0.4244938
fold5,30.76530612244898,111.20714076184888,batch.ind3,allGA_postrelapse_num,3,3,13,8.246,0.4244938
fold6,41.3013698630137,128.72118927737617,batch.ind3,allGA_postrelapse_num,3,3,13,8.246,0.4244938
fold7,33.943708609271525,89.24283013992957,batch.ind3,allGA_postrelapse_num,3,3,13,8.246,0.4244938
fold8,34.74915254237288,107.1925381964988,batch.ind3,allGA_postrelapse_num,3,3,13,8.246,0.4244938
fold9,16.13377926421405,94.16340573987213,batch.ind3,allGA_postrelapse_num,3,3,13,8.246,0.4244938
fold10,22.793814432989688,135.6253942716823,batch.ind3,allGA_postrelapse_num,3,3,13,8.246,0.4244938
fold1,31.6327868852459,75.7584677012152,batch.ind4,allGA_postrelapse_num,3,4,14,8.246,0.4244938
fold2,36.30100334448161,105.32784847506748,batch.ind4,allGA_postrelapse_num,3,4,14,8.246,0.4244938
fold3,44.367892976588635,91.23701867278335,batch.ind4,allGA_postrelapse_num,3,4,14,8.246,0.4244938
fold4,28.520270270270274,117.49447805094623,batch.ind4,allGA_postrelapse_num,3,4,14,8.246,0.4244938
fold5,34.74915254237288,116.40973097135698,batch.ind4,allGA_postrelapse_num,3,4,14,8.246,0.4244938
fold6,37.42758620689655,122.74904765276497,batch.ind4,allGA_postrelapse_num,3,4,14,8.246,0.4244938
fold7,20.580204778156993,123.6446307055105,batch.ind4,allGA_postrelapse_num,3,4,14,8.246,0.4244938
fold8,24.865979381443296,134.07091598043988,batch.ind4,allGA_postrelapse_num,3,4,14,8.246,0.4244938
fold9,24.200668896321073,99.12722078385859,batch.ind4,allGA_postrelapse_num,3,4,14,8.246,0.4244938
fold10,32.816326530612244,102.11582785064745,batch.ind4,allGA_postrelapse_num,3,4,14,8.246,0.4244938
fold1,28.424242424242422,106.35397092070603,batch.ind5,allGA_postrelapse_num,3,5,15,8.246,0.4244938
fold2,26.217391304347828,91.14315342723522,batch.ind5,allGA_postrelapse_num,3,5,15,8.246,0.4244938
fold3,30.976027397260275,113.8063345616157,batch.ind5,allGA_postrelapse_num,3,5,15,8.246,0.4244938
fold4,28.424242424242422,116.681973741522,batch.ind5,allGA_postrelapse_num,3,5,15,8.246,0.4244938
fold5,34.63175675675676,104.55480326322215,batch.ind5,allGA_postrelapse_num,3,5,15,8.246,0.4244938
fold6,34.86734693877551,109.7134475966978,batch.ind5,allGA_postrelapse_num,3,5,15,8.246,0.4244938
fold7,44.96949152542373,118.42441791668116,batch.ind5,allGA_postrelapse_num,3,5,15,8.246,0.4244938
fold8,28.140000000000004,95.04919917864477,batch.ind5,allGA_postrelapse_num,3,5,15,8.246,0.4244938
fold9,37.55709342560553,140.40280511286528,batch.ind5,allGA_postrelapse_num,3,5,15,8.246,0.4244938
fold10,21.9635761589404,91.20535240763155,batch.ind5,allGA_postrelapse_num,3,5,15,8.246,0.4244938
fold1,15.973509933774837,85.94644872649144,batch.ind1,allGA_postrelapse_num,4,1,16,7.906,0.4245179
fold2,42.63636363636364,114.09163503619357,batch.ind1,allGA_postrelapse_num,4,1,16,7.906,0.4245179
fold3,44.96949152542373,113.57238019002541,batch.ind1,allGA_postrelapse_num,4,1,16,7.906,0.4245179
fold4,18.150501672240804,95.62659927341652,batch.ind1,allGA_postrelapse_num,4,1,16,7.906,0.4245179
fold5,24.445945945945947,96.32807037016482,batch.ind1,allGA_postrelapse_num,4,1,16,7.906,0.4245179
fold6,24.95172413793103,137.7838419599235,batch.ind1,allGA_postrelapse_num,4,1,16,7.906,0.4245179
fold7,34.98634812286689,117.50296795172785,batch.ind1,allGA_postrelapse_num,4,1,16,7.906,0.4245179
fold8,32.92832764505119,119.85821109950872,batch.ind1,allGA_postrelapse_num,4,1,16,7.906,0.4245179
fold9,40.2,91.30710472279262,batch.ind1,allGA_postrelapse_num,4,1,16,7.906,0.4245179
fold10,36.66891891891892,115.38062600588268,batch.ind1,allGA_postrelapse_num,4,1,16,7.906,0.4245179
fold1,28.140000000000004,101.34472279260781,batch.ind2,allGA_postrelapse_num,4,2,17,7.906,0.4245179
fold2,42.925423728813556,115.13376257265166,batch.ind2,allGA_postrelapse_num,4,2,17,7.906,0.4245179
fold3,40.88135593220339,108.20547802178679,batch.ind2,allGA_postrelapse_num,4,2,17,7.906,0.4245179
fold4,37.04436860068259,121.97116846892935,batch.ind2,allGA_postrelapse_num,4,2,17,7.906,0.4245179
fold5,26.48310810810811,120.8242133303735,batch.ind2,allGA_postrelapse_num,4,2,17,7.906,0.4245179
fold6,26.572881355932203,102.40206034872794,batch.ind2,allGA_postrelapse_num,4,2,17,7.906,0.4245179
fold7,14.070000000000002,90.25601642710473,batch.ind2,allGA_postrelapse_num,4,2,17,7.906,0.4245179
fold8,34.74915254237288,109.17924337869349,batch.ind2,allGA_postrelapse_num,4,2,17,7.906,0.4245179
fold9,50.07612456747405,136.21551338254832,batch.ind2,allGA_postrelapse_num,4,2,17,7.906,0.4245179
fold10,15.920792079207919,82.01223900624147,batch.ind2,allGA_postrelapse_num,4,2,17,7.906,0.4245179
fold1,16.080000000000002,98.10340862422998,batch.ind3,allGA_postrelapse_num,4,3,18,7.906,0.4245179
fold2,18.272727272727273,103.591313546139,batch.ind3,allGA_postrelapse_num,4,3,18,7.906,0.4245179
fold3,18.150501672240804,99.01679108321373,batch.ind3,allGA_postrelapse_num,4,3,18,7.906,0.4245179
fold4,40.88135593220339,108.80988410538406,batch.ind3,allGA_postrelapse_num,4,3,18,7.906,0.4245179
fold5,49.73195876288659,124.26749084442939,batch.ind3,allGA_postrelapse_num,4,3,18,7.906,0.4245179
fold6,28.910958904109588,128.24626592782198,batch.ind3,allGA_postrelapse_num,4,3,18,7.906,0.4245179
fold7,34.515151515151516,108.19388961483418,batch.ind3,allGA_postrelapse_num,4,3,18,7.906,0.4245179
fold8,58.22068965517241,124.88386320186927,batch.ind3,allGA_postrelapse_num,4,3,18,7.906,0.4245179
fold9,20.033222591362126,94.22881974527073,batch.ind3,allGA_postrelapse_num,4,3,18,7.906,0.4245179
fold10,32.2675585284281,97.9069725917329,batch.ind3,allGA_postrelapse_num,4,3,18,7.906,0.4245179
fold1,34.284280936454856,96.89101934580017,batch.ind4,allGA_postrelapse_num,4,4,19,7.906,0.4245179
fold2,30.76530612244898,112.04383354984704,batch.ind4,allGA_postrelapse_num,4,4,19,7.906,0.4245179
fold3,18.090000000000003,91.769363449692,batch.ind4,allGA_postrelapse_num,4,4,19,7.906,0.4245179
fold4,49.90344827586207,117.47178361537915,batch.ind4,allGA_postrelapse_num,4,4,19,7.906,0.4245179
fold5,26.217391304347828,99.64624037688944,batch.ind4,allGA_postrelapse_num,4,4,19,7.906,0.4245179
fold6,38.70608108108108,111.31466785060215,batch.ind4,allGA_postrelapse_num,4,4,19,7.906,0.4245179
fold7,34.515151515151516,109.34453363200797,batch.ind4,allGA_postrelapse_num,4,4,19,7.906,0.4245179
fold8,8.093959731543624,105.03311605087993,batch.ind4,allGA_postrelapse_num,4,4,19,7.906,0.4245179
fold9,32.484848484848484,104.29726422334225,batch.ind4,allGA_postrelapse_num,4,4,19,7.906,0.4245179
fold10,43.51546391752577,139.15984673680646,batch.ind4,allGA_postrelapse_num,4,4,19,7.906,0.4245179
fold1,30.976027397260275,125.4363027762932,batch.ind5,allGA_postrelapse_num,4,5,20,7.906,0.4245179
fold2,22.110000000000003,86.66800821355237,batch.ind5,allGA_postrelapse_num,4,5,20,7.906,0.4245179
fold3,52.78787878787879,113.8692883662083,batch.ind5,allGA_postrelapse_num,4,5,20,7.906,0.4245179
fold4,34.399328859060404,100.49584498987087,batch.ind5,allGA_postrelapse_num,4,5,20,7.906,0.4245179
fold5,41.58620689655172,127.66196983643701,batch.ind5,allGA_postrelapse_num,4,5,20,7.906,0.4245179
fold6,32.92832764505119,122.37122173087299,batch.ind5,allGA_postrelapse_num,4,5,20,7.906,0.4245179
fold7,34.056478405315616,97.11382319032384,batch.ind5,allGA_postrelapse_num,4,5,20,7.906,0.4245179
fold8,18.029900332225914,91.88132644777504,batch.ind5,allGA_postrelapse_num,4,5,20,7.906,0.4245179
fold9,24.363636363636363,95.50345342542468,batch.ind5,allGA_postrelapse_num,4,5,20,7.906,0.4245179
fold10,24.78082191780822,126.62926499957807,batch.ind5,allGA_postrelapse_num,4,5,20,7.906,0.4245179
fold1,19.57792207792208,65.28118083148883,batch.ind1,allGA_postrelapse_num,5,1,21,7.813,0.42717309999999997
fold2,45.12244897959184,106.70921510287893,batch.ind1,allGA_postrelapse_num,5,1,21,7.813,0.42717309999999997
fold3,39.236301369863014,122.30407020899551,batch.ind1,allGA_postrelapse_num,5,1,21,7.813,0.42717309999999997
fold4,42.493288590604024,98.45712001984484,batch.ind1,allGA_postrelapse_num,5,1,21,7.813,0.42717309999999997
fold5,24.612244897959183,123.4262246993253,batch.ind1,allGA_postrelapse_num,5,1,21,7.813,0.42717309999999997
fold6,18.396610169491524,127.32821494448892,batch.ind1,allGA_postrelapse_num,5,1,21,7.813,0.42717309999999997
fold7,43.515463917525764,123.84199496179004,batch.ind1,allGA_postrelapse_num,5,1,21,7.813,0.42717309999999997
fold8,30.87030716723549,123.14315548983468,batch.ind1,allGA_postrelapse_num,5,1,21,7.813,0.42717309999999997
fold9,40.60606060606061,103.7636322153776,batch.ind1,allGA_postrelapse_num,5,1,21,7.813,0.42717309999999997
fold10,12.100334448160536,94.25174950038803,batch.ind1,allGA_postrelapse_num,5,1,21,7.813,0.42717309999999997
fold1,27.12456747404844,134.3932131615782,batch.ind2,allGA_postrelapse_num,5,2,22,7.813,0.42717309999999997
fold2,32.92832764505119,116.3478845897779,batch.ind2,allGA_postrelapse_num,5,2,22,7.813,0.42717309999999997
fold3,30.76530612244898,121.11268490969283,batch.ind2,allGA_postrelapse_num,5,2,22,7.813,0.42717309999999997
fold4,56.65771812080537,91.88666400231523,batch.ind2,allGA_postrelapse_num,5,2,22,7.813,0.42717309999999997
fold5,19.770491803278688,76.58122328070824,batch.ind2,allGA_postrelapse_num,5,2,22,7.813,0.42717309999999997
fold6,34.63175675675676,114.92327543148899,batch.ind2,allGA_postrelapse_num,5,2,22,7.813,0.42717309999999997
fold7,12.019933554817277,91.66741934823689,batch.ind2,allGA_postrelapse_num,5,2,22,7.813,0.42717309999999997
fold8,34.63175675675676,107.36583606193463,batch.ind2,allGA_postrelapse_num,5,2,22,7.813,0.42717309999999997
fold9,47.65979381443299,133.80427189398588,batch.ind2,allGA_postrelapse_num,5,2,22,7.813,0.42717309999999997
fold10,20.234899328859058,100.32410457120021,batch.ind2,allGA_postrelapse_num,5,2,22,7.813,0.42717309999999997
fold1,34.74915254237288,119.49332126822817,batch.ind3,allGA_postrelapse_num,5,3,23,7.813,0.42717309999999997
fold2,32.5945945945946,110.19360119873467,batch.ind3,allGA_postrelapse_num,5,3,23,7.813,0.42717309999999997
fold3,34.86734693877551,124.50999455223567,batch.ind3,allGA_postrelapse_num,5,3,23,7.813,0.42717309999999997
fold4,24.445945945945947,112.50266385481991,batch.ind3,allGA_postrelapse_num,5,3,23,7.813,0.42717309999999997
fold5,38.96938775510204,102.69421279805556,batch.ind3,allGA_postrelapse_num,5,3,23,7.813,0.42717309999999997
fold6,24.612244897959183,122.14030088421406,batch.ind3,allGA_postrelapse_num,5,3,23,7.813,0.42717309999999997
fold7,30.35234899328859,89.35487783029919,batch.ind3,allGA_postrelapse_num,5,3,23,7.813,0.42717309999999997
fold8,26.217391304347828,102.21925240191467,batch.ind3,allGA_postrelapse_num,5,3,23,7.813,0.42717309999999997
fold9,36.30100334448161,98.40390624463475,batch.ind3,allGA_postrelapse_num,5,3,23,7.813,0.42717309999999997
fold10,32.5945945945946,104.76116876630223,batch.ind3,allGA_postrelapse_num,5,3,23,7.813,0.42717309999999997
fold1,30.87030716723549,123.87001282491536,batch.ind4,allGA_postrelapse_num,5,4,24,7.813,0.42717309999999997
fold2,23.724590163934426,78.09141279833035,batch.ind4,allGA_postrelapse_num,5,4,24,7.813,0.42717309999999997
fold3,38.83728813559322,114.93229387811924,batch.ind4,allGA_postrelapse_num,5,4,24,7.813,0.42717309999999997
fold4,22.183946488294318,86.81983064698895,batch.ind4,allGA_postrelapse_num,5,4,24,7.813,0.42717309999999997
fold5,38.190000000000005,92.23162217659139,batch.ind4,allGA_postrelapse_num,5,4,24,7.813,0.42717309999999997
fold6,48.66315789473685,150.57006376310386,batch.ind4,allGA_postrelapse_num,5,4,24,7.813,0.42717309999999997
fold7,22.03654485049834,92.73695484592768,batch.ind4,allGA_postrelapse_num,5,4,24,7.813,0.42717309999999997
fold8,32.5945945945946,101.75492535656807,batch.ind4,allGA_postrelapse_num,5,4,24,7.813,0.42717309999999997
fold9,39.236301369863014,130.27034401282663,batch.ind4,allGA_postrelapse_num,5,4,24,7.813,0.42717309999999997
fold10,20.440677966101696,118.20056381164514,batch.ind4,allGA_postrelapse_num,5,4,24,7.813,0.42717309999999997
fold1,53.326530612244895,109.61237061559737,batch.ind5,allGA_postrelapse_num,5,5,25,7.813,0.42717309999999997
fold2,30.661016949152543,115.30724950405458,batch.ind5,allGA_postrelapse_num,5,5,25,7.813,0.42717309999999997
fold3,22.183946488294318,95.12414413548242,batch.ind5,allGA_postrelapse_num,5,5,25,7.813,0.42717309999999997
fold4,28.520270270270274,105.02888617570342,batch.ind5,allGA_postrelapse_num,5,5,25,7.813,0.42717309999999997
fold5,19.966887417218548,89.28656322667501,batch.ind5,allGA_postrelapse_num,5,5,25,7.813,0.42717309999999997
fold6,24.363636363636363,105.06991890154109,batch.ind5,allGA_postrelapse_num,5,5,25,7.813,0.42717309999999997
fold7,26.663265306122447,112.77944935674475,batch.ind5,allGA_postrelapse_num,5,5,25,7.813,0.42717309999999997
fold8,44.96949152542373,105.34014547732572,batch.ind5,allGA_postrelapse_num,5,5,25,7.813,0.42717309999999997
fold9,47.0135593220339,126.79096509240246,batch.ind5,allGA_postrelapse_num,5,5,25,7.813,0.42717309999999997
fold10,18.459183673469386,122.17960859908645,batch.ind5,allGA_postrelapse_num,5,5,25,7.813,0.42717309999999997
fold1,17.98465279000176,68.42787298126578,batch.ind1,boosting_postrelapse_num,1,1,1,475.698,7.846202
fold2,41.91978609625668,131.78944902583024,batch.ind1,boosting_postrelapse_num,1,1,1,475.698,7.846202
fold3,39.8673298705872,124.50423765504128,batch.ind1,boosting_postrelapse_num,1,1,1,475.698,7.846202
fold4,33.853073842633336,108.65812127459701,batch.ind1,boosting_postrelapse_num,1,1,1,475.698,7.846202
fold5,34.4753556798661,118.50711947629063,batch.ind1,boosting_postrelapse_num,1,1,1,475.698,7.846202
fold6,9.938173405310124,81.85756748276609,batch.ind1,boosting_postrelapse_num,1,1,1,475.698,7.846202
fold7,49.99128712871287,134.05437696952447,batch.ind1,boosting_postrelapse_num,1,1,1,475.698,7.846202
fold8,23.862003697508584,114.77947906236504,batch.ind1,boosting_postrelapse_num,1,1,1,475.698,7.846202
fold9,41.525542221732906,115.31388958907597,batch.ind1,boosting_postrelapse_num,1,1,1,475.698,7.846202
fold10,22.05126738250308,95.19734013771905,batch.ind1,boosting_postrelapse_num,1,1,1,475.698,7.846202
fold1,33.70271757068984,116.34907498131076,batch.ind2,boosting_postrelapse_num,1,2,2,475.698,7.846202
fold2,29.47097285516148,134.65694585882437,batch.ind2,boosting_postrelapse_num,1,2,2,475.698,7.846202
fold3,7.8311688311688314,90.2004853462759,batch.ind2,boosting_postrelapse_num,1,2,2,475.698,7.846202
fold4,32.006721524278895,101.2987599480398,batch.ind2,boosting_postrelapse_num,1,2,2,475.698,7.846202
fold5,26.055227823024435,91.06152417171802,batch.ind2,boosting_postrelapse_num,1,2,2,475.698,7.846202
fold6,31.653316742280758,124.90973123978132,batch.ind2,boosting_postrelapse_num,1,2,2,475.698,7.846202
fold7,29.570536952645135,96.12464517315469,batch.ind2,boosting_postrelapse_num,1,2,2,475.698,7.846202
fold8,32.22963068932125,112.81091312771011,batch.ind2,boosting_postrelapse_num,1,2,2,475.698,7.846202
fold9,37.7746185852982,111.30789063297813,batch.ind2,boosting_postrelapse_num,1,2,2,475.698,7.846202
fold10,13.983454709467338,77.63607255000386,batch.ind2,boosting_postrelapse_num,1,2,2,475.698,7.846202
fold1,31.27483152006343,85.42239259372953,batch.ind3,boosting_postrelapse_num,1,3,3,475.698,7.846202
fold2,18.84375,82.60654308849884,batch.ind3,boosting_postrelapse_num,1,3,3,475.698,7.846202
fold3,34.23149900946511,109.28937160358174,batch.ind3,boosting_postrelapse_num,1,3,3,475.698,7.846202
fold4,13.853832442067736,103.8216712358517,batch.ind3,boosting_postrelapse_num,1,3,3,475.698,7.846202
fold5,31.57269565982921,99.25116078160711,batch.ind3,boosting_postrelapse_num,1,3,3,475.698,7.846202
fold6,34.01079207920792,102.72152804602841,batch.ind3,boosting_postrelapse_num,1,3,3,475.698,7.846202
fold7,27.86445153482231,124.44272592521637,batch.ind3,boosting_postrelapse_num,1,3,3,475.698,7.846202
fold8,21.676470588235293,89.26466744995552,batch.ind3,boosting_postrelapse_num,1,3,3,475.698,7.846202
fold9,40.013377043409385,126.8088978373578,batch.ind3,boosting_postrelapse_num,1,3,3,475.698,7.846202
fold10,28.01334404083519,111.13717889297213,batch.ind3,boosting_postrelapse_num,1,3,3,475.698,7.846202
fold1,28.216465226867445,93.69710755855941,batch.ind4,boosting_postrelapse_num,1,4,4,475.698,7.846202
fold2,17.979205633182968,120.80366361124747,batch.ind4,boosting_postrelapse_num,1,4,4,475.698,7.846202
fold3,15.611650485436893,89.32310206034528,batch.ind4,boosting_postrelapse_num,1,4,4,475.698,7.846202
fold4,33.73885918003565,102.00970936567022,batch.ind4,boosting_postrelapse_num,1,4,4,475.698,7.846202
fold5,33.33990001321411,99.63744255456203,batch.ind4,boosting_postrelapse_num,1,4,4,475.698,7.846202
fold6,20.009300022011885,104.49282498380748,batch.ind4,boosting_postrelapse_num,1,4,4,475.698,7.846202
fold7,37.98602798803027,90.94928391659651,batch.ind4,boosting_postrelapse_num,1,4,4,475.698,7.846202
fold8,17.93276488062493,99.54921107559898,batch.ind4,boosting_postrelapse_num,1,4,4,475.698,7.846202
fold9,33.98136208603807,107.143461588946,batch.ind4,boosting_postrelapse_num,1,4,4,475.698,7.846202
fold10,29.462540716612377,106.76814095797903,batch.ind4,boosting_postrelapse_num,1,4,4,475.698,7.846202
fold1,19.66419766674004,114.31922071594225,batch.ind5,boosting_postrelapse_num,1,5,5,475.698,7.846202
fold2,35.84418886198547,153.3565784579114,batch.ind5,boosting_postrelapse_num,1,5,5,475.698,7.846202
fold3,21.795900178253117,72.50757606259478,batch.ind5,boosting_postrelapse_num,1,5,5,475.698,7.846202
fold4,23.95679392672461,104.49466306610219,batch.ind5,boosting_postrelapse_num,1,5,5,475.698,7.846202
fold5,31.820685555775707,106.67350559768973,batch.ind5,boosting_postrelapse_num,1,5,5,475.698,7.846202
fold6,24.049675431840686,98.85858027721756,batch.ind5,boosting_postrelapse_num,1,5,5,475.698,7.846202
fold7,23.826203208556148,84.21658059029721,batch.ind5,boosting_postrelapse_num,1,5,5,475.698,7.846202
fold8,22.08494472096199,127.41684076704803,batch.ind5,boosting_postrelapse_num,1,5,5,475.698,7.846202
fold9,12.140939597315436,74.70094269693966,batch.ind5,boosting_postrelapse_num,1,5,5,475.698,7.846202
fold10,37.21500495758511,88.90223144491154,batch.ind5,boosting_postrelapse_num,1,5,5,475.698,7.846202
fold1,25.826173078616076,119.49919746311936,batch.ind1,boosting_postrelapse_num,2,1,6,476.307,7.869185
fold2,39.93377483443708,127.94661190965091,batch.ind1,boosting_postrelapse_num,2,1,6,476.307,7.869185
fold3,29.996765747728322,105.12562297723699,batch.ind1,boosting_postrelapse_num,2,1,6,476.307,7.869185
fold4,27.902415947896497,136.33645392780502,batch.ind1,boosting_postrelapse_num,2,1,6,476.307,7.869185
fold5,13.528846153846153,110.0537463341079,batch.ind1,boosting_postrelapse_num,2,1,6,476.307,7.869185
fold6,26.003388264284617,119.72640798220455,batch.ind1,boosting_postrelapse_num,2,1,6,476.307,7.869185
fold7,23.680513046350327,91.96450195448274,batch.ind1,boosting_postrelapse_num,2,1,6,476.307,7.869185
fold8,27.33663758921491,79.72461802259215,batch.ind1,boosting_postrelapse_num,2,1,6,476.307,7.869185
fold9,19.790190465705162,120.85427283543663,batch.ind1,boosting_postrelapse_num,2,1,6,476.307,7.869185
fold10,29.47097285516148,87.68155518821233,batch.ind1,boosting_postrelapse_num,2,1,6,476.307,7.869185
fold1,43.770837000528076,122.40222361219193,batch.ind2,boosting_postrelapse_num,2,2,7,476.307,7.869185
fold2,38.932791435368756,88.96693410106057,batch.ind2,boosting_postrelapse_num,2,2,7,476.307,7.869185
fold3,17.91831323710614,108.20950061572726,batch.ind2,boosting_postrelapse_num,2,2,7,476.307,7.869185
fold4,25.74808009682033,101.62706125575897,batch.ind2,boosting_postrelapse_num,2,2,7,476.307,7.869185
fold5,28.027826718935824,106.15678540163441,batch.ind2,boosting_postrelapse_num,2,2,7,476.307,7.869185
fold6,25.125,90.50204687456747,batch.ind2,boosting_postrelapse_num,2,2,7,476.307,7.869185
fold7,19.66419766674004,96.2826304520663,batch.ind2,boosting_postrelapse_num,2,2,7,476.307,7.869185
fold8,21.99059405940594,106.22720800211437,batch.ind2,boosting_postrelapse_num,2,2,7,476.307,7.869185
fold9,17.70640545894783,73.95957930629562,batch.ind2,boosting_postrelapse_num,2,2,7,476.307,7.869185
fold10,16.013311038260984,101.17417150324172,batch.ind2,boosting_postrelapse_num,2,2,7,476.307,7.869185
fold1,27.836076395000877,98.21535842845148,batch.ind3,boosting_postrelapse_num,2,3,8,476.307,7.869185
fold2,23.826203208556148,80.32404245376827,batch.ind3,boosting_postrelapse_num,2,3,8,476.307,7.869185
fold3,37.851683168316825,114.48618700063024,batch.ind3,boosting_postrelapse_num,2,3,8,476.307,7.869185
fold4,19.876346810620248,101.03575003636467,batch.ind3,boosting_postrelapse_num,2,3,8,476.307,7.869185
fold5,28.216465226867445,117.49806520961687,batch.ind3,boosting_postrelapse_num,2,3,8,476.307,7.869185
fold6,15.824420677361854,87.09188271164355,batch.ind3,boosting_postrelapse_num,2,3,8,476.307,7.869185
fold7,23.793372233843442,124.35700178662623,batch.ind3,boosting_postrelapse_num,2,3,8,476.307,7.869185
fold8,17.732169987889463,87.73426133302708,batch.ind3,boosting_postrelapse_num,2,3,8,476.307,7.869185
fold9,23.724590163934426,118.04257537203962,batch.ind3,boosting_postrelapse_num,2,3,8,476.307,7.869185
fold10,27.86138613861386,129.25639945514058,batch.ind3,boosting_postrelapse_num,2,3,8,476.307,7.869185
fold1,35.8885918003565,129.6760112295805,batch.ind4,boosting_postrelapse_num,2,4,9,476.307,7.869185
fold2,22.023277815669623,123.92465717870141,batch.ind4,boosting_postrelapse_num,2,4,9,476.307,7.869185
fold3,15.95571570029706,109.22343695461467,batch.ind4,boosting_postrelapse_num,2,4,9,476.307,7.869185
fold4,47.82070634833315,135.63669557465383,batch.ind4,boosting_postrelapse_num,2,4,9,476.307,7.869185
fold5,15.852678571428571,73.8097340373521,batch.ind4,boosting_postrelapse_num,2,4,9,476.307,7.869185
fold6,11.908735834525249,104.17517684463223,batch.ind4,boosting_postrelapse_num,2,4,9,476.307,7.869185
fold7,33.97070871690966,99.92546164149307,batch.ind4,boosting_postrelapse_num,2,4,9,476.307,7.869185
fold8,17.854723707664885,115.33824779989776,batch.ind4,boosting_postrelapse_num,2,4,9,476.307,7.869185
fold9,44.106735637244114,103.7797442734066,batch.ind4,boosting_postrelapse_num,2,4,9,476.307,7.869185
fold10,27.863335240778238,122.43602256250324,batch.ind4,boosting_postrelapse_num,2,4,9,476.307,7.869185
fold1,21.975044563279855,135.97708697068524,batch.ind5,boosting_postrelapse_num,2,5,10,476.307,7.869185
fold2,15.889739241509933,95.2791245691055,batch.ind5,boosting_postrelapse_num,2,5,10,476.307,7.869185
fold3,35.936135803555715,112.95783244121856,batch.ind5,boosting_postrelapse_num,2,5,10,476.307,7.869185
fold4,35.441280158642726,100.75685536859075,batch.ind5,boosting_postrelapse_num,2,5,10,476.307,7.869185
fold5,35.7200127652082,84.25386259852746,batch.ind5,boosting_postrelapse_num,2,5,10,476.307,7.869185
fold6,26.065880721220527,112.98269368551631,batch.ind5,boosting_postrelapse_num,2,5,10,476.307,7.869185
fold7,21.99011022859783,112.72993137407222,batch.ind5,boosting_postrelapse_num,2,5,10,476.307,7.869185
fold8,33.7203947368421,121.54477694479996,batch.ind5,boosting_postrelapse_num,2,5,10,476.307,7.869185
fold9,32.35998239049086,111.60433557324241,batch.ind5,boosting_postrelapse_num,2,5,10,476.307,7.869185
fold10,35.67976675101771,117.0072285857648,batch.ind5,boosting_postrelapse_num,2,5,10,476.307,7.869185
fold1,17.861799088567466,102.35418198299435,batch.ind1,boosting_postrelapse_num,3,1,11,2362.076,39.26605
fold2,32.01488003521902,98.25507220305536,batch.ind1,boosting_postrelapse_num,3,1,11,2362.076,39.26605
fold3,21.676470588235293,93.535685396055,batch.ind1,boosting_postrelapse_num,3,1,11,2362.076,39.26605
fold4,34.037433155080215,117.03069833496212,batch.ind1,boosting_postrelapse_num,3,1,11,2362.076,39.26605
fold5,25.753180297561403,119.71506460878338,batch.ind1,boosting_postrelapse_num,3,1,11,2362.076,39.26605
fold6,17.39423076923077,70.97533166044353,batch.ind1,boosting_postrelapse_num,3,1,11,2362.076,39.26605
fold7,19.71468659212959,105.22149882326526,batch.ind1,boosting_postrelapse_num,3,1,11,2362.076,39.26605
fold8,18.12589285714286,107.48055881490173,batch.ind1,boosting_postrelapse_num,3,1,11,2362.076,39.26605
fold9,41.65735504455935,117.400860168315,batch.ind1,boosting_postrelapse_num,3,1,11,2362.076,39.26605
fold10,15.920792079207919,115.15489295952182,batch.ind1,boosting_postrelapse_num,3,1,11,2362.076,39.26605
fold1,16.10947097285516,95.7774179387271,batch.ind2,boosting_postrelapse_num,3,2,12,2362.076,39.26605
fold2,24.049675431840686,118.70804905991244,batch.ind2,boosting_postrelapse_num,3,2,12,2362.076,39.26605
fold3,27.836076395000877,109.12857359467976,batch.ind2,boosting_postrelapse_num,3,2,12,2362.076,39.26605
fold4,23.680513046350324,96.90047942531358,batch.ind2,boosting_postrelapse_num,3,2,12,2362.076,39.26605
fold5,23.935310684738603,126.8381011383093,batch.ind2,boosting_postrelapse_num,3,2,12,2362.076,39.26605
fold6,27.683694814488604,102.01539939336546,batch.ind2,boosting_postrelapse_num,3,2,12,2362.076,39.26605
fold7,35.980198455479524,117.6419125373504,batch.ind2,boosting_postrelapse_num,3,2,12,2362.076,39.26605
fold8,35.59001782531194,105.63788385119464,batch.ind2,boosting_postrelapse_num,3,2,12,2362.076,39.26605
fold9,17.81264869151467,77.67274595469519,batch.ind2,boosting_postrelapse_num,3,2,12,2362.076,39.26605
fold10,39.64835152742319,111.82924629141914,batch.ind2,boosting_postrelapse_num,3,2,12,2362.076,39.26605
fold1,28.380457540828246,117.67082604508711,batch.ind3,boosting_postrelapse_num,3,3,13,2362.076,39.26605
fold2,33.90182894621005,101.97464402848026,batch.ind3,boosting_postrelapse_num,3,3,13,2362.076,39.26605
fold3,30.051817461714485,107.57044321158428,batch.ind3,boosting_postrelapse_num,3,3,13,2362.076,39.26605
fold4,31.902690987502197,99.21630921834263,batch.ind3,boosting_postrelapse_num,3,3,13,2362.076,39.26605
fold5,20.012383594214384,115.67442712018321,batch.ind3,boosting_postrelapse_num,3,3,13,2362.076,39.26605
fold6,19.389067524115756,95.26445364799503,batch.ind3,boosting_postrelapse_num,3,3,13,2362.076,39.26605
fold7,40.03991111306682,135.67632602242358,batch.ind3,boosting_postrelapse_num,3,3,13,2362.076,39.26605
fold8,23.838608848778343,110.64855849263324,batch.ind3,boosting_postrelapse_num,3,3,13,2362.076,39.26605
fold9,21.885418500264038,105.75549112337063,batch.ind3,boosting_postrelapse_num,3,3,13,2362.076,39.26605
fold10,15.601011102299761,116.06796698295248,batch.ind3,boosting_postrelapse_num,3,3,13,2362.076,39.26605
fold1,28.143096050170534,114.61737574336195,batch.ind4,boosting_postrelapse_num,3,4,14,2362.076,39.26605
fold2,40.135429501848265,142.8701325105805,batch.ind4,boosting_postrelapse_num,3,4,14,2362.076,39.26605
fold3,29.952308132371062,96.92249544303989,batch.ind4,boosting_postrelapse_num,3,4,14,2362.076,39.26605
fold4,31.71868122193855,90.6889635858494,batch.ind4,boosting_postrelapse_num,3,4,14,2362.076,39.26605
fold5,35.67163768434955,116.12081018205683,batch.ind4,boosting_postrelapse_num,3,4,14,2362.076,39.26605
fold6,22.108449928390435,93.86431577068562,batch.ind4,boosting_postrelapse_num,3,4,14,2362.076,39.26605
fold7,29.403137729824948,117.45999994122197,batch.ind4,boosting_postrelapse_num,3,4,14,2362.076,39.26605
fold8,27.057692307692307,87.55559698879837,batch.ind4,boosting_postrelapse_num,3,4,14,2362.076,39.26605
fold9,15.868421052631577,95.81231369596483,batch.ind4,boosting_postrelapse_num,3,4,14,2362.076,39.26605
fold10,10.055973845849019,92.94846187114227,batch.ind4,boosting_postrelapse_num,3,4,14,2362.076,39.26605
fold1,29.797682709447415,118.76091510588431,batch.ind5,boosting_postrelapse_num,3,5,15,2362.076,39.26605
fold2,23.868971131842983,97.73448067281443,batch.ind5,boosting_postrelapse_num,3,5,15,2362.076,39.26605
fold3,31.40099326080254,105.53140784748255,batch.ind5,boosting_postrelapse_num,3,5,15,2362.076,39.26605
fold4,13.794117647058822,106.56274790421426,batch.ind5,boosting_postrelapse_num,3,5,15,2362.076,39.26605
fold5,27.717349678668896,107.36579972678135,batch.ind5,boosting_postrelapse_num,3,5,15,2362.076,39.26605
fold6,23.616603923122646,106.67655862408758,batch.ind5,boosting_postrelapse_num,3,5,15,2362.076,39.26605
fold7,23.75233325996038,116.65293610089489,batch.ind5,boosting_postrelapse_num,3,5,15,2362.076,39.26605
fold8,22.03039603960396,83.93771768963343,batch.ind5,boosting_postrelapse_num,3,5,15,2362.076,39.26605
fold9,11.85453904304322,69.25288443031481,batch.ind5,boosting_postrelapse_num,3,5,15,2362.076,39.26605
fold10,30.01003278255704,136.06224145442278,batch.ind5,boosting_postrelapse_num,3,5,15,2362.076,39.26605
fold1,34.04984488790126,119.2449263116445,batch.ind1,boosting_postrelapse_num,4,1,16,2174.905,36.13893
fold2,25.975935828877006,90.33176797568632,batch.ind1,boosting_postrelapse_num,4,1,16,2174.905,36.13893
fold3,42.06266784063394,120.55373924095603,batch.ind1,boosting_postrelapse_num,4,1,16,2174.905,36.13893
fold4,13.88486842105263,91.15568574523601,batch.ind1,boosting_postrelapse_num,4,1,16,2174.905,36.13893
fold5,19.64169381107492,105.16457980564489,batch.ind1,boosting_postrelapse_num,4,1,16,2174.905,36.13893
fold6,13.485623003194888,108.68776561198182,batch.ind1,boosting_postrelapse_num,4,1,16,2174.905,36.13893
fold7,21.509633381041507,95.9200672059024,batch.ind1,boosting_postrelapse_num,4,1,16,2174.905,36.13893
fold8,25.625674336672905,105.26986266963964,batch.ind1,boosting_postrelapse_num,4,1,16,2174.905,36.13893
fold9,39.96118811881188,143.36101164941957,batch.ind1,boosting_postrelapse_num,4,1,16,2174.905,36.13893
fold10,29.97349018399507,99.33885567405957,batch.ind1,boosting_postrelapse_num,4,1,16,2174.905,36.13893
fold1,15.94069306930693,132.72165084270233,batch.ind2,boosting_postrelapse_num,4,2,17,2174.905,36.13893
fold2,47.8497688751926,122.90160903725794,batch.ind2,boosting_postrelapse_num,4,2,17,2174.905,36.13893
fold3,43.93418445960819,99.848778973089,batch.ind2,boosting_postrelapse_num,4,2,17,2174.905,36.13893
fold4,19.90304965319828,100.42534671694148,batch.ind2,boosting_postrelapse_num,4,2,17,2174.905,36.13893
fold5,18.04248833524078,101.48864318572163,batch.ind2,boosting_postrelapse_num,4,2,17,2174.905,36.13893
fold6,29.97081223860885,105.76061689328664,batch.ind2,boosting_postrelapse_num,4,2,17,2174.905,36.13893
fold7,31.94108910891089,129.41784129953035,batch.ind2,boosting_postrelapse_num,4,2,17,2174.905,36.13893
fold8,27.92674444199868,107.56460479624089,batch.ind2,boosting_postrelapse_num,4,2,17,2174.905,36.13893
fold9,29.13797853348908,92.93085282471087,batch.ind2,boosting_postrelapse_num,4,2,17,2174.905,36.13893
fold10,30.15,143.57971821822838,batch.ind2,boosting_postrelapse_num,4,2,17,2174.905,36.13893
fold1,25.87128712871287,112.539131884441,batch.ind3,boosting_postrelapse_num,4,3,18,2174.905,36.13893
fold2,27.588235294117645,97.90626887305228,batch.ind3,boosting_postrelapse_num,4,3,18,2174.905,36.13893
fold3,39.671052631578945,120.80831255306514,batch.ind3,boosting_postrelapse_num,4,3,18,2174.905,36.13893
fold4,35.930464450803434,110.841378278562,batch.ind3,boosting_postrelapse_num,4,3,18,2174.905,36.13893
fold5,40.327517842981756,101.6577306560583,batch.ind3,boosting_postrelapse_num,4,3,18,2174.905,36.13893
fold6,13.950832489098357,76.23234217840752,batch.ind3,boosting_postrelapse_num,4,3,18,2174.905,36.13893
fold7,13.853832442067736,118.35218960958784,batch.ind3,boosting_postrelapse_num,4,3,18,2174.905,36.13893
fold8,14.249586867907897,104.5911205047213,batch.ind3,boosting_postrelapse_num,4,3,18,2174.905,36.13893
fold9,17.976832192911047,106.43988577720971,batch.ind3,boosting_postrelapse_num,4,3,18,2174.905,36.13893
fold10,26.018372645660975,134.8708265817793,batch.ind3,boosting_postrelapse_num,4,3,18,2174.905,36.13893
fold1,35.737117144868854,103.0578824295257,batch.ind4,boosting_postrelapse_num,4,4,19,2174.905,36.13893
fold2,29.371408757677827,110.84868275174347,batch.ind4,boosting_postrelapse_num,4,4,19,2174.905,36.13893
fold3,31.88138613861386,117.14864252749709,batch.ind4,boosting_postrelapse_num,4,4,19,2174.905,36.13893
fold4,36.05245125041313,92.54635931373359,batch.ind4,boosting_postrelapse_num,4,4,19,2174.905,36.13893
fold5,13.951207973948248,103.46560050848555,batch.ind4,boosting_postrelapse_num,4,4,19,2174.905,36.13893
fold6,23.934996478563253,109.9483025789101,batch.ind4,boosting_postrelapse_num,4,4,19,2174.905,36.13893
fold7,32.007130124777184,122.04804903729895,batch.ind4,boosting_postrelapse_num,4,4,19,2174.905,36.13893
fold8,9.931686654197382,101.9853457357462,batch.ind4,boosting_postrelapse_num,4,4,19,2174.905,36.13893
fold9,16.003565062388592,98.45265311650141,batch.ind4,boosting_postrelapse_num,4,4,19,2174.905,36.13893
fold10,30.24563838223632,97.89711076408508,batch.ind4,boosting_postrelapse_num,4,4,19,2174.905,36.13893
fold1,23.39304276967802,128.49858031951018,batch.ind5,boosting_postrelapse_num,4,5,20,2174.905,36.13893
fold2,15.920792079207919,107.14496919917863,batch.ind5,boosting_postrelapse_num,4,5,20,2174.905,36.13893
fold3,27.647950089126557,96.6799288939644,batch.ind5,boosting_postrelapse_num,4,5,20,2174.905,36.13893
fold4,29.934382220266254,108.64208065213202,batch.ind5,boosting_postrelapse_num,4,5,20,2174.905,36.13893
fold5,18.40820755756307,88.79808700329986,batch.ind5,boosting_postrelapse_num,4,5,20,2174.905,36.13893
fold6,26.528547836617854,121.48227102959451,batch.ind5,boosting_postrelapse_num,4,5,20,2174.905,36.13893
fold7,28.013344040835186,95.31666211648286,batch.ind5,boosting_postrelapse_num,4,5,20,2174.905,36.13893
fold8,37.94371961012959,128.02031160483904,batch.ind5,boosting_postrelapse_num,4,5,20,2174.905,36.13893
fold9,39.53119429590018,119.90191320134551,batch.ind5,boosting_postrelapse_num,4,5,20,2174.905,36.13893
fold10,9.820695502796987,91.47986502973266,batch.ind5,boosting_postrelapse_num,4,5,20,2174.905,36.13893
fold1,26.48660576711424,97.06848191657993,batch.ind1,boosting_postrelapse_num,5,1,21,2385.045,39.64243
fold2,37.87418268278185,84.22378471932622,batch.ind1,boosting_postrelapse_num,5,1,21,2385.045,39.64243
fold3,21.958782980222878,83.58221914063769,batch.ind1,boosting_postrelapse_num,5,1,21,2385.045,39.64243
fold4,10.024568159313455,91.62446696968581,batch.ind1,boosting_postrelapse_num,5,1,21,2385.045,39.64243
fold5,41.279274816722804,107.30929834504325,batch.ind1,boosting_postrelapse_num,5,1,21,2385.045,39.64243
fold6,19.923024433193923,123.1824986971404,batch.ind1,boosting_postrelapse_num,5,1,21,2385.045,39.64243
fold7,29.827220459952418,122.73570566692774,batch.ind1,boosting_postrelapse_num,5,1,21,2385.045,39.64243
fold8,36.36721347572388,112.0094787269853,batch.ind1,boosting_postrelapse_num,5,1,21,2385.045,39.64243
fold9,35.76916221033868,110.18699862497422,batch.ind1,boosting_postrelapse_num,5,1,21,2385.045,39.64243
fold10,27.836076395000877,121.41453165149005,batch.ind1,boosting_postrelapse_num,5,1,21,2385.045,39.64243
fold1,25.46333722698521,102.70588180987245,batch.ind2,boosting_postrelapse_num,5,2,22,2385.045,39.64243
fold2,9.725806451612904,101.88345997362674,batch.ind2,boosting_postrelapse_num,5,2,22,2385.045,39.64243
fold3,24.014860313057262,99.67705946037432,batch.ind2,boosting_postrelapse_num,5,2,22,2385.045,39.64243
fold4,30.21302673561448,95.93490626460715,batch.ind2,boosting_postrelapse_num,5,2,22,2385.045,39.64243
fold5,36.422818791946305,135.98395451956614,batch.ind2,boosting_postrelapse_num,5,2,22,2385.045,39.64243
fold6,42.12347037591337,152.74459098819506,batch.ind2,boosting_postrelapse_num,5,2,22,2385.045,39.64243
fold7,17.970198675496686,96.24319332636897,batch.ind2,boosting_postrelapse_num,5,2,22,2385.045,39.64243
fold8,25.534201954397393,97.94280458213399,batch.ind2,boosting_postrelapse_num,5,2,22,2385.045,39.64243
fold9,39.21173671689136,98.25049054969247,batch.ind2,boosting_postrelapse_num,5,2,22,2385.045,39.64243
fold10,23.724590163934426,100.59810818998888,batch.ind2,boosting_postrelapse_num,5,2,22,2385.045,39.64243
fold1,37.37060312568787,97.00154372478181,batch.ind3,boosting_postrelapse_num,5,3,23,2385.045,39.64243
fold2,21.824841535346422,103.39503967310654,batch.ind3,boosting_postrelapse_num,5,3,23,2385.045,39.64243
fold3,37.57549039033089,129.38453282471258,batch.ind3,boosting_postrelapse_num,5,3,23,2385.045,39.64243
fold4,15.786347829914604,110.49211265054458,batch.ind3,boosting_postrelapse_num,5,3,23,2385.045,39.64243
fold5,37.67505448781454,101.38615454155985,batch.ind3,boosting_postrelapse_num,5,3,23,2385.045,39.64243
fold6,11.808301961561323,113.44522718479149,batch.ind3,boosting_postrelapse_num,5,3,23,2385.045,39.64243
fold7,28.003773792496425,122.50237706386514,batch.ind3,boosting_postrelapse_num,5,3,23,2385.045,39.64243
fold8,18.017822566449567,90.57371395772573,batch.ind3,boosting_postrelapse_num,5,3,23,2385.045,39.64243
fold9,28.03509505368773,104.13624298654653,batch.ind3,boosting_postrelapse_num,5,3,23,2385.045,39.64243
fold10,37.46520380315169,123.57046055077946,batch.ind3,boosting_postrelapse_num,5,3,23,2385.045,39.64243
fold1,15.899867885060003,74.74797990062443,batch.ind4,boosting_postrelapse_num,5,4,24,2385.045,39.64243
fold2,22.258389261744966,103.6784101909861,batch.ind4,boosting_postrelapse_num,5,4,24,2385.045,39.64243
fold3,25.88267664538851,97.49754773121633,batch.ind4,boosting_postrelapse_num,5,4,24,2385.045,39.64243
fold4,16.001100158422812,110.79580779550119,batch.ind4,boosting_postrelapse_num,5,4,24,2385.045,39.64243
fold5,17.99049504950495,105.8764275113343,batch.ind4,boosting_postrelapse_num,5,4,24,2385.045,39.64243
fold6,30.998311817279045,102.13465250433822,batch.ind4,boosting_postrelapse_num,5,4,24,2385.045,39.64243
fold7,25.970220677212822,106.3122643484056,batch.ind4,boosting_postrelapse_num,5,4,24,2385.045,39.64243
fold8,31.937659565102564,80.28887983422493,batch.ind4,boosting_postrelapse_num,5,4,24,2385.045,39.64243
fold9,21.83262123948377,92.87323894362711,batch.ind4,boosting_postrelapse_num,5,4,24,2385.045,39.64243
fold10,31.49722650231125,93.63275748370239,batch.ind4,boosting_postrelapse_num,5,4,24,2385.045,39.64243
fold1,31.6215573608084,85.89302690235401,batch.ind5,boosting_postrelapse_num,5,5,25,2385.045,39.64243
fold2,27.840468853180717,111.65519333622908,batch.ind5,boosting_postrelapse_num,5,5,25,2385.045,39.64243
fold3,21.819078947368418,122.97618561384954,batch.ind5,boosting_postrelapse_num,5,5,25,2385.045,39.64243
fold4,41.46653534642134,99.68658309099352,batch.ind5,boosting_postrelapse_num,5,5,25,2385.045,39.64243
fold5,22.00337726342655,136.20873276575531,batch.ind5,boosting_postrelapse_num,5,5,25,2385.045,39.64243
fold6,15.824420677361854,110.30095129334167,batch.ind5,boosting_postrelapse_num,5,5,25,2385.045,39.64243
fold7,21.963839904893995,95.04321960837125,batch.ind5,boosting_postrelapse_num,5,5,25,2385.045,39.64243
fold8,23.493506493506494,92.09917516444506,batch.ind5,boosting_postrelapse_num,5,5,25,2385.045,39.64243
fold9,24.183711204050187,96.01903860939116,batch.ind5,boosting_postrelapse_num,5,5,25,2385.045,39.64243
fold10,25.468496136318606,100.68875608296388,batch.ind5,boosting_postrelapse_num,5,5,25,2385.045,39.64243
fold1,17.98465279000176,86.26239677486865,batch.ind1,contrastReg_postrelapse_num,1,1,1,27393.606,7.608049
fold2,38.09803921568627,131.593914748402,batch.ind1,contrastReg_postrelapse_num,1,1,1,27393.606,7.608049
fold3,21.75184875429175,113.24393731697974,batch.ind1,contrastReg_postrelapse_num,1,1,1,27393.606,7.608049
fold4,35.96930558000352,108.49185918911954,batch.ind1,contrastReg_postrelapse_num,1,1,1,27393.606,7.608049
fold5,24.40233669559089,102.51577910670609,batch.ind1,contrastReg_postrelapse_num,1,1,1,27393.606,7.608049
fold6,18.25541478462047,83.10309935597768,batch.ind1,contrastReg_postrelapse_num,1,1,1,27393.606,7.608049
fold7,29.99079207920792,110.80141175513855,batch.ind1,contrastReg_postrelapse_num,1,1,1,27393.606,7.608049
fold8,11.78501628664495,101.29672090607218,batch.ind1,contrastReg_postrelapse_num,1,1,1,27393.606,7.608049
fold9,39.580380931410325,91.00673700287628,batch.ind1,contrastReg_postrelapse_num,1,1,1,27393.606,7.608049
fold10,18.017822566449567,96.37683105217253,batch.ind1,contrastReg_postrelapse_num,1,1,1,27393.606,7.608049
fold1,19.909814060952797,102.72556419599657,batch.ind2,contrastReg_postrelapse_num,1,2,2,27393.606,7.608049
fold2,23.91529621557361,103.01614352804378,batch.ind2,contrastReg_postrelapse_num,1,2,2,27393.606,7.608049
fold3,26.055227823024435,119.45874380378956,batch.ind2,contrastReg_postrelapse_num,1,2,2,27393.606,7.608049
fold4,32.00008800686454,104.25372180262093,batch.ind2,contrastReg_postrelapse_num,1,2,2,27393.606,7.608049
fold5,26.055227823024435,95.52234414386642,batch.ind2,contrastReg_postrelapse_num,1,2,2,27393.606,7.608049
fold6,30.09289521208651,88.57760415022628,batch.ind2,contrastReg_postrelapse_num,1,2,2,27393.606,7.608049
fold7,35.52446998216762,119.05690777736505,batch.ind2,contrastReg_postrelapse_num,1,2,2,27393.606,7.608049
fold8,26.19113698388943,110.0634850148224,batch.ind2,contrastReg_postrelapse_num,1,2,2,27393.606,7.608049
fold9,19.713691301763422,101.96710185040904,batch.ind2,contrastReg_postrelapse_num,1,2,2,27393.606,7.608049
fold10,13.983454709467338,77.89714527507273,batch.ind2,contrastReg_postrelapse_num,1,2,2,27393.606,7.608049
fold1,37.470036999515486,99.8761767999435,batch.ind3,contrastReg_postrelapse_num,1,3,3,27393.606,7.608049
fold2,21.467226148409893,100.88465654726058,batch.ind3,contrastReg_postrelapse_num,1,3,3,27393.606,7.608049
fold3,32.187431212854946,104.74437013235607,batch.ind3,contrastReg_postrelapse_num,1,3,3,27393.606,7.608049
fold4,24.184491978609625,117.79910226799947,batch.ind3,contrastReg_postrelapse_num,1,3,3,27393.606,7.608049
fold5,29.97349018399507,101.83747882483075,batch.ind3,contrastReg_postrelapse_num,1,3,3,27393.606,7.608049
fold6,23.98069306930693,92.63247524752475,batch.ind3,contrastReg_postrelapse_num,1,3,3,27393.606,7.608049
fold7,26.026724612168554,90.8520801031461,batch.ind3,contrastReg_postrelapse_num,1,3,3,27393.606,7.608049
fold8,19.825311942959,102.56001737388378,batch.ind3,contrastReg_postrelapse_num,1,3,3,27393.606,7.608049
fold9,30.036566852214474,94.66549679581372,batch.ind3,contrastReg_postrelapse_num,1,3,3,27393.606,7.608049
fold10,23.993432487734047,111.4243861329192,batch.ind3,contrastReg_postrelapse_num,1,3,3,27393.606,7.608049
fold1,34.568654646324546,120.87989164685631,batch.ind4,contrastReg_postrelapse_num,1,4,4,27393.606,7.608049
fold2,21.933303993838706,129.67560471477245,batch.ind4,contrastReg_postrelapse_num,1,4,4,27393.606,7.608049
fold3,25.966316623736873,94.51488248655656,batch.ind4,contrastReg_postrelapse_num,1,4,4,27393.606,7.608049
fold4,25.737076648841352,103.75905448981906,batch.ind4,contrastReg_postrelapse_num,1,4,4,27393.606,7.608049
fold5,25.71043474430692,97.56340698354549,batch.ind4,contrastReg_postrelapse_num,1,4,4,27393.606,7.608049
fold6,16.266266784063394,102.57796388694659,batch.ind4,contrastReg_postrelapse_num,1,4,4,27393.606,7.608049
fold7,27.869246171448687,79.4505370580345,batch.ind4,contrastReg_postrelapse_num,1,4,4,27393.606,7.608049
fold8,38.02834195180988,100.13098514959188,batch.ind4,contrastReg_postrelapse_num,1,4,4,27393.606,7.608049
fold9,28.05021454505446,108.78544893606302,batch.ind4,contrastReg_postrelapse_num,1,4,4,27393.606,7.608049
fold10,29.60852627872172,114.3762860339421,batch.ind4,contrastReg_postrelapse_num,1,4,4,27393.606,7.608049
fold1,17.792681047765793,112.42614542037505,batch.ind5,contrastReg_postrelapse_num,1,5,5,27393.606,7.608049
fold2,32.01488003521902,140.40749064042836,batch.ind5,contrastReg_postrelapse_num,1,5,5,27393.606,7.608049
fold3,19.885026737967912,104.77138579904614,batch.ind5,contrastReg_postrelapse_num,1,5,5,27393.606,7.608049
fold4,14.02510727252723,77.11791435955143,batch.ind5,contrastReg_postrelapse_num,1,5,5,27393.606,7.608049
fold5,27.718644739449175,104.77561354479393,batch.ind5,contrastReg_postrelapse_num,1,5,5,27393.606,7.608049
fold6,27.957333039938387,103.69949857026444,batch.ind5,contrastReg_postrelapse_num,1,5,5,27393.606,7.608049
fold7,23.88591800356506,93.20151143028302,batch.ind5,contrastReg_postrelapse_num,1,5,5,27393.606,7.608049
fold8,28.406311941153152,108.19984296822435,batch.ind5,contrastReg_postrelapse_num,1,5,5,27393.606,7.608049
fold9,18.164968643415115,100.28125574543138,batch.ind5,contrastReg_postrelapse_num,1,5,5,27393.606,7.608049
fold10,40.363864713010905,113.0386060940179,batch.ind5,contrastReg_postrelapse_num,1,5,5,27393.606,7.608049
fold1,24.080982040672595,102.87891698827495,batch.ind1,contrastReg_postrelapse_num,2,1,6,27253.713,7.56921
fold2,33.970242678928955,116.4048182945128,batch.ind1,contrastReg_postrelapse_num,2,1,6,27253.713,7.56921
fold3,28.000077006006467,106.52787863654596,batch.ind1,contrastReg_postrelapse_num,2,1,6,27253.713,7.56921
fold4,46.019747843689494,126.28348249704426,batch.ind1,contrastReg_postrelapse_num,2,1,6,27253.713,7.56921
fold5,13.807791435368754,88.66325005251528,batch.ind1,contrastReg_postrelapse_num,2,1,6,27253.713,7.56921
fold6,33.98350971375768,123.76063994182512,batch.ind1,contrastReg_postrelapse_num,2,1,6,27253.713,7.56921
fold7,23.906231421336564,106.0929436289243,batch.ind1,contrastReg_postrelapse_num,2,1,6,27253.713,7.56921
fold8,26.101308485329103,101.34302735516775,batch.ind1,contrastReg_postrelapse_num,2,1,6,27253.713,7.56921
fold9,15.899867885060003,103.50710185623298,batch.ind1,contrastReg_postrelapse_num,2,1,6,27253.713,7.56921
fold10,19.813255399247076,72.64403722055796,batch.ind1,contrastReg_postrelapse_num,2,1,6,27253.713,7.56921
fold1,27.935585724344303,121.86217152025539,batch.ind2,contrastReg_postrelapse_num,2,2,7,27253.713,7.56921
fold2,23.889670896114193,116.68215392431613,batch.ind2,contrastReg_postrelapse_num,2,2,7,27253.713,7.56921
fold3,17.98465279000176,100.72536377065812,batch.ind2,contrastReg_postrelapse_num,2,2,7,27253.713,7.56921
fold4,23.863912421608536,111.57856026973056,batch.ind2,contrastReg_postrelapse_num,2,2,7,27253.713,7.56921
fold5,44.67453640488041,129.18638655159685,batch.ind2,contrastReg_postrelapse_num,2,2,7,27253.713,7.56921
fold6,29.548275178429815,115.27790841009792,batch.ind2,contrastReg_postrelapse_num,2,2,7,27253.713,7.56921
fold7,19.750473255558003,84.8089810304546,batch.ind2,contrastReg_postrelapse_num,2,2,7,27253.713,7.56921
fold8,32.10029702970297,78.08113281964746,batch.ind2,contrastReg_postrelapse_num,2,2,7,27253.713,7.56921
fold9,21.79454105216817,89.1041635008572,batch.ind2,contrastReg_postrelapse_num,2,2,7,27253.713,7.56921
fold10,22.010010780840904,77.00717332748668,batch.ind2,contrastReg_postrelapse_num,2,2,7,27253.713,7.56921
fold1,23.802631578947366,92.4836755466093,batch.ind3,contrastReg_postrelapse_num,2,3,8,27253.713,7.56921
fold2,30.215686274509803,83.99488788110602,batch.ind3,contrastReg_postrelapse_num,2,3,8,27253.713,7.56921
fold3,35.94118811881188,103.20312928212738,batch.ind3,contrastReg_postrelapse_num,2,3,8,27253.713,7.56921
fold4,17.79703646579266,95.3488014814617,batch.ind3,contrastReg_postrelapse_num,2,3,8,27253.713,7.56921
fold5,34.36952645135724,125.81396393409142,batch.ind3,contrastReg_postrelapse_num,2,3,8,27253.713,7.56921
fold6,21.915329768270944,91.43189352151786,batch.ind3,contrastReg_postrelapse_num,2,3,8,27253.713,7.56921
fold7,29.967433667290543,119.28943023962675,batch.ind3,contrastReg_postrelapse_num,2,3,8,27253.713,7.56921
fold8,17.84502917538258,111.58114364425181,batch.ind3,contrastReg_postrelapse_num,2,3,8,27253.713,7.56921
fold9,31.81854989547805,116.3315104139015,batch.ind3,contrastReg_postrelapse_num,2,3,8,27253.713,7.56921
fold10,34.03069306930693,125.02687376745888,batch.ind3,contrastReg_postrelapse_num,2,3,8,27253.713,7.56921
fold1,23.945632798573975,121.96744836942928,batch.ind4,contrastReg_postrelapse_num,2,4,9,27253.713,7.56921
fold2,20.01995555653341,95.88070633369772,batch.ind4,contrastReg_postrelapse_num,2,4,9,27253.713,7.56921
fold3,18.025646385741005,113.85528785274887,batch.ind4,contrastReg_postrelapse_num,2,4,9,27253.713,7.56921
fold4,37.74969743646165,118.55696108503113,batch.ind4,contrastReg_postrelapse_num,2,4,9,27253.713,7.56921
fold5,22.31339285714286,98.26617532023076,batch.ind4,contrastReg_postrelapse_num,2,4,9,27253.713,7.56921
fold6,21.979744746396744,89.51626478110713,batch.ind4,contrastReg_postrelapse_num,2,4,9,27253.713,7.56921
fold7,36.16193895079945,119.16083899576,batch.ind4,contrastReg_postrelapse_num,2,4,9,27253.713,7.56921
fold8,13.973262032085561,99.87747019659086,batch.ind4,contrastReg_postrelapse_num,2,4,9,27253.713,7.56921
fold9,23.838608848778343,77.54827676760645,batch.ind4,contrastReg_postrelapse_num,2,4,9,27253.713,7.56921
fold10,21.67885597323708,105.11391043438947,batch.ind4,contrastReg_postrelapse_num,2,4,9,27253.713,7.56921
fold1,34.216577540106954,112.91156278328643,batch.ind5,contrastReg_postrelapse_num,2,5,10,27253.713,7.56921
fold2,17.95480773466062,95.26105406652333,batch.ind5,contrastReg_postrelapse_num,2,5,10,27253.713,7.56921
fold3,40.03592017250484,101.69231383692969,batch.ind5,contrastReg_postrelapse_num,2,5,10,27253.713,7.56921
fold4,29.967312988872976,116.7791666958866,batch.ind5,contrastReg_postrelapse_num,2,5,10,27253.713,7.56921
fold5,27.571364116559558,91.7640662688118,batch.ind5,contrastReg_postrelapse_num,2,5,10,27253.713,7.56921
fold6,24.014860313057262,95.70512663509214,batch.ind5,contrastReg_postrelapse_num,2,5,10,27253.713,7.56921
fold7,26.01665529911333,114.23485445006393,batch.ind5,contrastReg_postrelapse_num,2,5,10,27253.713,7.56921
fold8,25.918863316317548,97.60814037714243,batch.ind5,contrastReg_postrelapse_num,2,5,10,27253.713,7.56921
fold9,32.35998239049086,108.83941031647849,batch.ind5,contrastReg_postrelapse_num,2,5,10,27253.713,7.56921
fold10,31.772109142920012,131.04066404252902,batch.ind5,contrastReg_postrelapse_num,2,5,10,27253.713,7.56921
fold1,28.216465226867445,128.0029838613542,batch.ind1,contrastReg_postrelapse_num,3,1,11,27230.894,7.562641
fold2,32.18743121285494,100.9911798777911,batch.ind1,contrastReg_postrelapse_num,3,1,11,27230.894,7.562641
fold3,17.735294117647058,69.26033373961867,batch.ind1,contrastReg_postrelapse_num,3,1,11,27230.894,7.562641
fold4,26.09536541889483,96.44532045909023,batch.ind1,contrastReg_postrelapse_num,3,1,11,27230.894,7.562641
fold5,16.005326173078615,95.5606537652167,batch.ind1,contrastReg_postrelapse_num,3,1,11,27230.894,7.562641
fold6,15.879956383822362,58.44747820819499,batch.ind1,contrastReg_postrelapse_num,3,1,11,27230.894,7.562641
fold7,25.680187516506734,126.0098210665434,batch.ind1,contrastReg_postrelapse_num,3,1,11,27230.894,7.562641
fold8,24.227678571428573,117.0813043903393,batch.ind1,contrastReg_postrelapse_num,3,1,11,27230.894,7.562641
fold9,31.91143140059412,86.12514077648298,batch.ind1,contrastReg_postrelapse_num,3,1,11,27230.894,7.562641
fold10,14.01029702970297,114.52944883810763,batch.ind1,contrastReg_postrelapse_num,3,1,11,27230.894,7.562641
fold1,18.160491381018428,119.59413138673064,batch.ind2,contrastReg_postrelapse_num,3,2,12,27230.894,7.562641
fold2,22.16550775662889,102.47886103720386,batch.ind2,contrastReg_postrelapse_num,3,2,12,27230.894,7.562641
fold3,35.96930558000352,99.88624334799488,batch.ind2,contrastReg_postrelapse_num,3,2,12,27230.894,7.562641
fold4,33.970615435428826,125.20258460589666,batch.ind2,contrastReg_postrelapse_num,3,2,12,27230.894,7.562641
fold5,17.885143460658334,97.43550315598628,batch.ind2,contrastReg_postrelapse_num,3,2,12,27230.894,7.562641
fold6,21.961070131013983,98.30162916891699,batch.ind2,contrastReg_postrelapse_num,3,2,12,27230.894,7.562641
fold7,33.98350971375767,105.29158350326685,batch.ind2,contrastReg_postrelapse_num,3,2,12,27230.894,7.562641
fold8,23.826203208556148,90.236616680148515,batch.ind2,contrastReg_postrelapse_num,3,2,12,27230.894,7.562641
fold9,29.827220459952418,84.55628742222446,batch.ind2,contrastReg_postrelapse_num,3,2,12,27230.894,7.562641
fold10,7.856677524429967,68.5388179650398,batch.ind2,contrastReg_postrelapse_num,3,2,12,27230.894,7.562641
fold1,20.53280585370154,98.75966290095273,batch.ind3,contrastReg_postrelapse_num,3,3,13,27230.894,7.562641
fold2,31.93765956510256,95.7714884921508,batch.ind3,contrastReg_postrelapse_num,3,3,13,27230.894,7.562641
fold3,13.884868421052634,68.01686743917818,batch.ind3,contrastReg_postrelapse_num,3,3,13,27230.894,7.562641
fold4,25.952033092765358,102.6803690532258,batch.ind3,contrastReg_postrelapse_num,3,3,13,27230.894,7.562641
fold5,18.160491381018428,103.82377804693377,batch.ind3,contrastReg_postrelapse_num,3,3,13,27230.894,7.562641
fold6,27.649341496718495,93.41351788350615,batch.ind3,contrastReg_postrelapse_num,3,3,13,27230.894,7.562641
fold7,36.0332665947944,116.9735118764315,batch.ind3,contrastReg_postrelapse_num,3,3,13,27230.894,7.562641
fold8,34.23149900946511,95.36490130132283,batch.ind3,contrastReg_postrelapse_num,3,3,13,27230.894,7.562641
fold9,23.902140908290793,101.95727246735851,batch.ind3,contrastReg_postrelapse_num,3,3,13,27230.894,7.562641
fold10,17.53370340999207,133.38695862447423,batch.ind3,contrastReg_postrelapse_num,3,3,13,27230.894,7.562641
fold1,30.02726372538233,110.47469895577454,batch.ind4,contrastReg_postrelapse_num,3,4,14,27230.894,7.562641
fold2,36.101984685794754,121.35895354557339,batch.ind4,contrastReg_postrelapse_num,3,4,14,27230.894,7.562641
fold3,27.968755500792113,103.21222973151255,batch.ind4,contrastReg_postrelapse_num,3,4,14,27230.894,7.562641
fold4,35.938991108372214,115.85218362521066,batch.ind4,contrastReg_postrelapse_num,3,4,14,27230.894,7.562641
fold5,35.75791327316751,109.686185710715,batch.ind4,contrastReg_postrelapse_num,3,4,14,27230.894,7.562641
fold6,24.340553046160625,107.72765789563576,batch.ind4,contrastReg_postrelapse_num,3,4,14,27230.894,7.562641
fold7,17.732169987889463,91.16330487195317,batch.ind4,contrastReg_postrelapse_num,3,4,14,27230.894,7.562641
fold8,27.894528152260108,110.27047648048304,batch.ind4,contrastReg_postrelapse_num,3,4,14,27230.894,7.562641
fold9,14.017547526843865,102.0605460327971,batch.ind4,contrastReg_postrelapse_num,3,4,14,27230.894,7.562641
fold10,22.06340400237765,92.75568506144907,batch.ind4,contrastReg_postrelapse_num,3,4,14,27230.894,7.562641
fold1,21.915329768270944,114.97333767680428,batch.ind5,contrastReg_postrelapse_num,3,5,15,27230.894,7.562641
fold2,27.968755500792113,101.93326127258013,batch.ind5,contrastReg_postrelapse_num,3,5,15,27230.894,7.562641
fold3,23.519204510417126,93.20723418853635,batch.ind5,contrastReg_postrelapse_num,3,5,15,27230.894,7.562641
fold4,16.063279857397504,109.7679732461711,batch.ind5,contrastReg_postrelapse_num,3,5,15,27230.894,7.562641
fold5,15.859340610969276,84.11279136589988,batch.ind5,contrastReg_postrelapse_num,3,5,15,27230.894,7.562641
fold6,32.11937784822667,95.88394675268086,batch.ind5,contrastReg_postrelapse_num,3,5,15,27230.894,7.562641
fold7,19.836748844375965,109.53597451864252,batch.ind5,contrastReg_postrelapse_num,3,5,15,27230.894,7.562641
fold8,29.9509900990099,96.97821944822819,batch.ind5,contrastReg_postrelapse_num,3,5,15,27230.894,7.562641
fold9,26.293952350516825,93.38267106630774,batch.ind5,contrastReg_postrelapse_num,3,5,15,27230.894,7.562641
fold10,33.99677674858639,132.02895389700765,batch.ind5,contrastReg_postrelapse_num,3,5,15,27230.894,7.562641
fold1,28.04651162790698,109.03557523893434,batch.ind1,contrastReg_postrelapse_num,4,1,16,27294.259,7.580321
fold2,26.09536541889483,105.42305773034121,batch.ind1,contrastReg_postrelapse_num,4,1,16,27294.259,7.580321
fold3,36.10301562843936,98.30305910982484,batch.ind1,contrastReg_postrelapse_num,4,1,16,27294.259,7.580321
fold4,11.901315789473683,92.59835533770662,batch.ind1,contrastReg_postrelapse_num,4,1,16,27294.259,7.580321
fold5,18.04248833524078,102.90424259011435,batch.ind1,contrastReg_postrelapse_num,4,1,16,27294.259,7.580321
fold6,24.18776027321802,117.33870207865672,batch.ind1,contrastReg_postrelapse_num,4,1,16,27294.259,7.580321
fold7,21.84821094352086,115.70131054674651,batch.ind1,contrastReg_postrelapse_num,4,1,16,27294.259,7.580321
fold8,30.08029285478366,118.87327306173208,batch.ind1,contrastReg_postrelapse_num,4,1,16,27294.259,7.580321
fold9,28.04049504950495,104.9861272287393,batch.ind1,contrastReg_postrelapse_num,4,1,16,27294.259,7.580321
fold10,20.006657716348272,86.11416794397083,batch.ind1,contrastReg_postrelapse_num,4,1,16,27294.259,7.580321
fold1,20.00049504950495,105.88481834631102,batch.ind2,contrastReg_postrelapse_num,4,2,17,27294.259,7.580321
fold2,21.967092229804095,103.52084028455448,batch.ind2,contrastReg_postrelapse_num,4,2,17,27294.259,7.580321
fold3,33.88639665419326,103.46020707444855,batch.ind2,contrastReg_postrelapse_num,4,2,17,27294.259,7.580321
fold4,32.25117252009248,124.43137788602984,batch.ind2,contrastReg_postrelapse_num,4,2,17,27294.259,7.580321
fold5,10.112818029756141,81.78832260482194,batch.ind2,contrastReg_postrelapse_num,4,2,17,27294.259,7.580321
fold6,32.01488003521902,103.89921186598875,batch.ind2,contrastReg_postrelapse_num,4,2,17,27294.259,7.580321
fold7,27.9409900990099,96.22914672576087,batch.ind2,contrastReg_postrelapse_num,4,2,17,27294.259,7.580321
fold8,18.13778340303764,98.4312301209388,batch.ind2,contrastReg_postrelapse_num,4,2,17,27294.259,7.580321
fold9,25.629460251691533,106.51128843008834,batch.ind2,contrastReg_postrelapse_num,4,2,17,27294.259,7.580321
fold10,30.130099009900988,135.6028674243194,batch.ind2,contrastReg_postrelapse_num,4,2,17,27294.259,7.580321
fold1,27.96089108910891,118.75123752210949,batch.ind3,contrastReg_postrelapse_num,4,3,18,27294.259,7.580321
fold2,25.61764705882353,113.37391306469696,batch.ind3,contrastReg_postrelapse_num,4,3,18,27294.259,7.580321
fold3,35.77028692131667,100.44799996168646,batch.ind3,contrastReg_postrelapse_num,4,3,18,27294.259,7.580321
fold4,44.27928681488004,137.0152469602579,batch.ind3,contrastReg_postrelapse_num,4,3,18,27294.259,7.580321
fold5,28.17347343378271,101.06798245256934,batch.ind3,contrastReg_postrelapse_num,4,3,18,27294.259,7.580321
fold6,16.14206272298815,78.89256012896105,batch.ind3,contrastReg_postrelapse_num,4,3,18,27294.259,7.580321
fold7,13.973262032085561,101.20141382419436,batch.ind3,contrastReg_postrelapse_num,4,3,18,27294.259,7.580321
fold8,28.6519665087584,94.63976080528465,batch.ind3,contrastReg_postrelapse_num,4,3,18,27294.259,7.580321
fold9,20.000055004290335,95.14719640534426,batch.ind3,contrastReg_postrelapse_num,4,3,18,27294.259,7.580321
fold10,30.05181746171449,101.95877997807455,batch.ind3,contrastReg_postrelapse_num,4,3,18,27294.259,7.580321
fold1,31.86952121105439,111.03975208980401,batch.ind4,contrastReg_postrelapse_num,4,4,19,27294.259,7.580321
fold2,39.92520309094512,107.531787643787,batch.ind4,contrastReg_postrelapse_num,4,4,19,27294.259,7.580321
fold3,21.930891089108908,109.05960518023053,batch.ind4,contrastReg_postrelapse_num,4,4,19,27294.259,7.580321
fold4,36.66362234218354,93.87337339065114,batch.ind4,contrastReg_postrelapse_num,4,4,19,27294.259,7.580321
fold5,16.067439711318432,94.72329158725346,batch.ind4,contrastReg_postrelapse_num,4,4,19,27294.259,7.580321
fold6,13.895171229861784,97.23721224049967,batch.ind4,contrastReg_postrelapse_num,4,4,19,27294.259,7.580321
fold7,39.889483065953655,138.75887269847894,batch.ind4,contrastReg_postrelapse_num,4,4,19,27294.259,7.580321
fold8,9.931686654197382,116.4237652617522,batch.ind4,contrastReg_postrelapse_num,4,4,19,27294.259,7.580321
fold9,19.885026737967912,89.21038870404736,batch.ind4,contrastReg_postrelapse_num,4,4,19,27294.259,7.580321
fold10,26.240781126090404,78.0419454590161,batch.ind4,contrastReg_postrelapse_num,4,4,19,27294.259,7.580321
fold1,25.71043474430692,116.1733340653403,batch.ind5,contrastReg_postrelapse_num,4,5,20,27294.259,7.580321
fold2,14.01029702970297,108.6388102547421,batch.ind5,contrastReg_postrelapse_num,4,5,20,27294.259,7.580321
fold3,40.00891265597148,100.99525268386242,batch.ind5,contrastReg_postrelapse_num,4,5,20,27294.259,7.580321
fold4,30.073704477940367,115.54571853107633,batch.ind5,contrastReg_postrelapse_num,4,5,20,27294.259,7.580321
fold5,24.64613859204583,79.75281668427026,batch.ind5,contrastReg_postrelapse_num,4,5,20,27294.259,7.580321
fold6,14.06756578223054,79.46404622123917,batch.ind5,contrastReg_postrelapse_num,4,5,20,27294.259,7.580321
fold7,16.00004400343227,96.00297009614388,batch.ind5,contrastReg_postrelapse_num,4,5,20,27294.259,7.580321
fold8,31.966920419792743,98.07110195663023,batch.ind5,contrastReg_postrelapse_num,4,5,20,27294.259,7.580321
fold9,31.70855614973262,97.3651163159558,batch.ind5,contrastReg_postrelapse_num,4,5,20,27294.259,7.580321
fold10,20.27219970928952,114.7206583612818,batch.ind5,contrastReg_postrelapse_num,4,5,20,27294.259,7.580321
fold1,22.13964340744002,102.41734129859282,batch.ind1,contrastReg_postrelapse_num,5,1,21,27387.724,7.606476
fold2,23.91529621557361,85.75929344246221,batch.ind1,contrastReg_postrelapse_num,5,1,21,27387.724,7.606476
fold3,28.153988459674935,88.42880428741427,batch.ind1,contrastReg_postrelapse_num,5,1,21,27387.724,7.606476
fold4,3.9540983606557374,95.88402896025002,batch.ind1,contrastReg_postrelapse_num,5,1,21,27387.724,7.606476
fold5,39.427382603526844,106.89250572340737,batch.ind1,contrastReg_postrelapse_num,5,1,21,27387.724,7.606476
fold6,24.097435615232225,146.41237700801966,batch.ind1,contrastReg_postrelapse_num,5,1,21,27387.724,7.606476
fold7,36.04371530531324,112.61970470943989,batch.ind1,contrastReg_postrelapse_num,5,1,21,27387.724,7.606476
fold8,24.24480898381592,104.65855002270868,batch.ind1,contrastReg_postrelapse_num,5,1,21,27387.724,7.606476
fold9,23.945632798573975,84.46050796648694,batch.ind1,contrastReg_postrelapse_num,5,1,21,27387.724,7.606476
fold10,13.918038197500438,98.36142350288996,batch.ind1,contrastReg_postrelapse_num,5,1,21,27387.724,7.606476
fold1,27.882088466709277,101.46878945592253,batch.ind2,contrastReg_postrelapse_num,5,2,22,27387.724,7.606476
fold2,26.415688649124736,104.90281698260237,batch.ind2,contrastReg_postrelapse_num,5,2,22,27387.724,7.606476
fold3,18.060927283534774,128.34535896454233,batch.ind2,contrastReg_postrelapse_num,5,2,22,27387.724,7.606476
fold4,22.16550775662889,70.2346201367585,batch.ind2,contrastReg_postrelapse_num,5,2,22,27387.724,7.606476
fold5,34.16712509627021,98.55191782471444,batch.ind2,contrastReg_postrelapse_num,5,2,22,27387.724,7.606476
fold6,50.126133462452685,146.86214768233242,batch.ind2,contrastReg_postrelapse_num,5,2,22,27387.724,7.606476
fold7,13.990088226881696,89.59407511403958,batch.ind2,contrastReg_postrelapse_num,5,2,22,27387.724,7.606476
fold8,24.007989259617926,94.83949181039992,batch.ind2,contrastReg_postrelapse_num,5,2,22,27387.724,7.606476
fold9,29.687747819191117,90.97265623091741,batch.ind2,contrastReg_postrelapse_num,5,2,22,27387.724,7.606476
fold10,21.933303993838706,96.39049517852548,batch.ind2,contrastReg_postrelapse_num,5,2,22,27387.724,7.606476
fold1,47.677217697556685,119.16310012334792,batch.ind3,contrastReg_postrelapse_num,5,3,23,27387.724,7.606476
fold2,16.078318954133287,90.86800505365943,batch.ind3,contrastReg_postrelapse_num,5,3,23,27387.724,7.606476
fold3,29.67010105012879,107.93827630133013,batch.ind3,contrastReg_postrelapse_num,5,3,23,27387.724,7.606476
fold4,10.03982524870147,89.47277150268275,batch.ind3,contrastReg_postrelapse_num,5,3,23,27387.724,7.606476
fold5,31.92024965325936,124.07597413878332,batch.ind3,contrastReg_postrelapse_num,5,3,23,27387.724,7.606476
fold6,11.907866059044977,102.76514114347718,batch.ind3,contrastReg_postrelapse_num,5,3,23,27387.724,7.606476
fold7,12.001617339641324,83.48840313550035,batch.ind3,contrastReg_postrelapse_num,5,3,23,27387.724,7.606476
fold8,12.00082511881711,91.54894625154564,batch.ind3,contrastReg_postrelapse_num,5,3,23,27387.724,7.606476
fold9,34.05209250132019,120.59092224270027,batch.ind3,contrastReg_postrelapse_num,5,3,23,27387.724,7.606476
fold10,37.83016770842504,110.4186611381797,batch.ind3,contrastReg_postrelapse_num,5,3,23,27387.724,7.606476
fold1,19.790190465705162,101.85948585947392,batch.ind4,contrastReg_postrelapse_num,5,4,24,27387.724,7.606476
fold2,16.14147871052921,96.62426558447909,batch.ind4,contrastReg_postrelapse_num,5,4,24,27387.724,7.606476
fold3,36.361842394893245,107.79116622770958,batch.ind4,contrastReg_postrelapse_num,5,4,24,27387.724,7.606476
fold4,20.001375198028516,108.94996081899859,batch.ind4,contrastReg_postrelapse_num,5,4,24,27387.724,7.606476
fold5,14.01029702970297,87.36319433996788,batch.ind4,contrastReg_postrelapse_num,5,4,24,27387.724,7.606476
fold6,34.21191658391261,94.10474603851071,batch.ind4,contrastReg_postrelapse_num,5,4,24,27387.724,7.606476
fold7,25.983487712041537,129.76164397907223,batch.ind4,contrastReg_postrelapse_num,5,4,24,27387.724,7.606476
fold8,27.863335240778238,87.784113421356,batch.ind4,contrastReg_postrelapse_num,5,4,24,27387.724,7.606476
fold9,30.09289521208651,92.12473109371157,batch.ind4,contrastReg_postrelapse_num,5,4,24,27387.724,7.606476
fold10,17.620129870129873,120.01616232930053,batch.ind4,contrastReg_postrelapse_num,5,4,24,27387.724,7.606476
fold1,29.769665147612443,85.70946369018291,batch.ind5,contrastReg_postrelapse_num,5,5,25,27387.724,7.606476
fold2,24.26998679286815,113.62160265516685,batch.ind5,contrastReg_postrelapse_num,5,5,25,27387.724,7.606476
fold3,17.98465279000176,107.70170562055803,batch.ind5,contrastReg_postrelapse_num,5,5,25,27387.724,7.606476
fold4,27.644356897614227,90.69099835443333,batch.ind5,contrastReg_postrelapse_num,5,5,25,27387.724,7.606476
fold5,19.993421486875977,118.54178254651296,batch.ind5,contrastReg_postrelapse_num,5,5,25,27387.724,7.606476
fold6,13.794117647058822,109.82110756068964,batch.ind5,contrastReg_postrelapse_num,5,5,25,27387.724,7.606476
fold7,21.76471170992669,118.09891170838064,batch.ind5,contrastReg_postrelapse_num,5,5,25,27387.724,7.606476
fold8,41.89011666299802,114.09940034559114,batch.ind5,contrastReg_postrelapse_num,5,5,25,27387.724,7.606476
fold9,20.26812678846577,95.45709575984172,batch.ind5,contrastReg_postrelapse_num,5,5,25,27387.724,7.606476
fold10,31.92024965325936,98.6099722159951,batch.ind5,contrastReg_postrelapse_num,5,5,25,27387.724,7.606476
fold1,9.950932934342545,86.69972018475794,batch.ind1,dWOLS_mlogarr0001,1,1,1,5.776,0.890774
fold2,39.94919786096256,124.16377569632793,batch.ind1,dWOLS_mlogarr0001,1,1,1,5.776,0.890774
fold3,37.90316048947971,110.69259185879255,batch.ind1,dWOLS_mlogarr0001,1,1,1,5.776,0.890774
fold4,33.919413395528956,91.88561153627477,batch.ind1,dWOLS_mlogarr0001,1,1,1,5.776,0.890774
fold5,32.53644892745452,101.39940745422477,batch.ind1,dWOLS_mlogarr0001,1,1,1,5.776,0.890774
fold6,13.791208549080093,84.76495436374942,batch.ind1,dWOLS_mlogarr0001,1,1,1,5.776,0.890774
fold7,40.04079207920792,125.79180189887572,batch.ind1,dWOLS_mlogarr0001,1,1,1,5.776,0.890774
fold8,19.86067215423893,104.49877445685725,batch.ind1,dWOLS_mlogarr0001,1,1,1,5.776,0.890774
fold9,33.74489706044258,88.38087172801323,batch.ind1,dWOLS_mlogarr0001,1,1,1,5.776,0.890774
fold10,24.00165023763422,117.36824575018063,batch.ind1,dWOLS_mlogarr0001,1,1,1,5.776,0.890774
fold1,29.79505996259214,100.29237210039982,batch.ind2,dWOLS_mlogarr0001,1,2,2,5.776,0.890774
fold2,25.86675252625322,104.06082373939587,batch.ind2,dWOLS_mlogarr0001,1,2,2,5.776,0.890774
fold3,23.924884437596305,110.72020270823042,batch.ind2,dWOLS_mlogarr0001,1,2,2,5.776,0.890774
fold4,32.006721524278895,100.90516216733077,batch.ind2,dWOLS_mlogarr0001,1,2,2,5.776,0.890774
fold5,34.23149900946511,87.04029043034367,batch.ind2,dWOLS_mlogarr0001,1,2,2,5.776,0.890774
fold6,26.088919966524248,87.36889841060724,batch.ind2,dWOLS_mlogarr0001,1,2,2,5.776,0.890774
fold7,35.52446998216762,110.32258088139864,batch.ind2,dWOLS_mlogarr0001,1,2,2,5.776,0.890774
fold8,34.0478145083194,116.76890137500536,batch.ind2,dWOLS_mlogarr0001,1,2,2,5.776,0.890774
fold9,18.060927283534774,110.62134132176026,batch.ind2,dWOLS_mlogarr0001,1,2,2,5.776,0.890774
fold10,16.00004400343227,73.97273639499939,batch.ind2,dWOLS_mlogarr0001,1,2,2,5.776,0.890774
fold1,35.4049685063648,109.87823633833952,batch.ind3,dWOLS_mlogarr0001,1,3,3,5.776,0.890774
fold2,19.829218197879857,93.74333456077085,batch.ind3,dWOLS_mlogarr0001,1,3,3,5.776,0.890774
fold3,34.31777459828307,107.02014146365937,batch.ind3,dWOLS_mlogarr0001,1,3,3,5.776,0.890774
fold4,13.913547237076648,101.82104167657978,batch.ind3,dWOLS_mlogarr0001,1,3,3,5.776,0.890774
fold5,25.899165859670745,95.61662806885168,batch.ind3,dWOLS_mlogarr0001,1,3,3,5.776,0.890774
fold6,27.98079207920792,108.81970358021428,batch.ind3,dWOLS_mlogarr0001,1,3,3,5.776,0.890774
fold7,19.956254813510835,85.94493594373505,batch.ind3,dWOLS_mlogarr0001,1,3,3,5.776,0.890774
fold8,23.766488413547236,102.42284909732669,batch.ind3,dWOLS_mlogarr0001,1,3,3,5.776,0.890774
fold9,26.036555851356407,93.91462439614438,batch.ind3,dWOLS_mlogarr0001,1,3,3,5.776,0.890774
fold10,19.98678796946162,85.22181981118553,batch.ind3,dWOLS_mlogarr0001,1,3,3,5.776,0.890774
fold1,42.67317218149395,128.24668078989734,batch.ind4,dWOLS_mlogarr0001,1,4,4,5.776,0.890774
fold2,11.955176587083287,110.68821652547034,batch.ind4,dWOLS_mlogarr0001,1,4,4,5.776,0.890774
fold3,21.963839904893995,77.79912681166644,batch.ind4,dWOLS_mlogarr0001,1,4,4,5.776,0.890774
fold4,25.737076648841352,99.25718838341135,batch.ind4,dWOLS_mlogarr0001,1,4,4,5.776,0.890774
fold5,33.592223494692334,98.13008267367536,batch.ind4,dWOLS_mlogarr0001,1,4,4,5.776,0.890774
fold6,24.35626238168611,112.2925052464676,batch.ind4,dWOLS_mlogarr0001,1,4,4,5.776,0.890774
fold7,27.869246171448687,92.72634844633232,batch.ind4,dWOLS_mlogarr0001,1,4,4,5.776,0.890774
fold8,30.02726372538233,106.76043776996043,batch.ind4,dWOLS_mlogarr0001,1,4,4,5.776,0.890774
fold9,28.05021454505446,116.05429177088173,batch.ind4,dWOLS_mlogarr0001,1,4,4,5.776,0.890774
fold10,27.644356897614227,99.69831934550447,batch.ind4,dWOLS_mlogarr0001,1,4,4,5.776,0.890774
fold1,19.750473255558003,100.55733535945139,batch.ind5,dWOLS_mlogarr0001,1,5,5,5.776,0.890774
fold2,22.053367818622057,103.82073573939373,batch.ind5,dWOLS_mlogarr0001,1,5,5,5.776,0.890774
fold3,29.917112299465238,116.33292216768481,batch.ind5,dWOLS_mlogarr0001,1,5,5,5.776,0.890774
fold4,28.096655297612497,86.55769776540137,batch.ind5,dWOLS_mlogarr0001,1,5,5,5.776,0.890774
fold5,29.67010105012879,104.84888617834247,batch.ind5,dWOLS_mlogarr0001,1,5,5,5.776,0.890774
fold6,25.933843107052482,107.25322651226983,batch.ind5,dWOLS_mlogarr0001,1,5,5,5.776,0.890774
fold7,32.007130124777184,82.44222146577503,batch.ind5,dWOLS_mlogarr0001,1,5,5,5.776,0.890774
fold8,34.22303219838788,117.63879001418279,batch.ind5,dWOLS_mlogarr0001,1,5,5,5.776,0.890774
fold9,26.166046869842667,95.72046233199731,batch.ind5,dWOLS_mlogarr0001,1,5,5,5.776,0.890774
fold10,40.2110719400683,136.62021061423155,batch.ind5,dWOLS_mlogarr0001,1,5,5,5.776,0.890774
fold1,28.00932080288758,106.20138523704529,batch.ind1,dWOLS_mlogarr0001,2,1,6,6.322,0.8967125
fold2,39.97357593892323,122.14814582231459,batch.ind1,dWOLS_mlogarr0001,2,1,6,6.322,0.8967125
fold3,26.003388264284613,117.35891878416618,batch.ind1,dWOLS_mlogarr0001,2,1,6,6.322,0.8967125
fold4,46.019747843689494,122.27392173631114,batch.ind1,dWOLS_mlogarr0001,2,1,6,6.322,0.8967125
fold5,9.802934179222838,64.02965688389808,batch.ind1,dWOLS_mlogarr0001,2,1,6,6.322,0.8967125
fold6,33.97687619634332,129.42727111359451,batch.ind1,dWOLS_mlogarr0001,2,1,6,6.322,0.8967125
fold7,13.728988219751184,88.04327112431758,batch.ind1,dWOLS_mlogarr0001,2,1,6,6.322,0.8967125
fold8,29.687747819191117,102.36274460313919,batch.ind1,dWOLS_mlogarr0001,2,1,6,6.322,0.8967125
fold9,15.899867885060003,92.21449434724842,batch.ind1,dWOLS_mlogarr0001,2,1,6,6.322,0.8967125
fold10,21.864275807410344,73.39453653114522,batch.ind1,dWOLS_mlogarr0001,2,1,6,6.322,0.8967125
fold1,29.952308132371062,106.16039397147522,batch.ind2,dWOLS_mlogarr0001,2,2,7,6.322,0.8967125
fold2,44.05342981760507,108.03258634081683,batch.ind2,dWOLS_mlogarr0001,2,2,7,6.322,0.8967125
fold3,16.001100158422812,93.54136686031865,batch.ind2,dWOLS_mlogarr0001,2,2,7,6.322,0.8967125
fold4,15.862834195180987,103.79716628376968,batch.ind2,dWOLS_mlogarr0001,2,2,7,6.322,0.8967125
fold5,38.35316918468925,121.9020469754922,batch.ind2,dWOLS_mlogarr0001,2,2,7,6.322,0.8967125
fold6,27.197164948453608,120.34954657738798,batch.ind2,dWOLS_mlogarr0001,2,2,7,6.322,0.8967125
fold7,19.66419766674004,75.54034905337589,batch.ind2,dWOLS_mlogarr0001,2,2,7,6.322,0.8967125
fold8,24.040396039603962,86.77485514465204,batch.ind2,dWOLS_mlogarr0001,2,2,7,6.322,0.8967125
fold9,15.921164428791549,71.44803436566218,batch.ind2,dWOLS_mlogarr0001,2,2,7,6.322,0.8967125
fold10,22.003377263426547,101.2516669688326,batch.ind2,dWOLS_mlogarr0001,2,2,7,6.322,0.8967125
fold1,25.81935398697412,106.85987894371779,batch.ind3,dWOLS_mlogarr0001,2,3,8,6.322,0.8967125
fold2,20.00445632798574,70.6496734466296,batch.ind3,dWOLS_mlogarr0001,2,3,8,6.322,0.8967125
fold3,37.93128712871287,103.83947059182304,batch.ind3,dWOLS_mlogarr0001,2,3,8,6.322,0.8967125
fold4,13.791208549080093,85.79292147786934,batch.ind3,dWOLS_mlogarr0001,2,3,8,6.322,0.8967125
fold5,28.216465226867445,124.97203738655408,batch.ind3,dWOLS_mlogarr0001,2,3,8,6.322,0.8967125
fold6,25.796791443850267,109.96857571975339,batch.ind3,dWOLS_mlogarr0001,2,3,8,6.322,0.8967125
fold7,22.0739293185071,109.8963032458362,batch.ind3,dWOLS_mlogarr0001,2,3,8,6.322,0.8967125
fold8,11.896686116921721,92.5000389517525,batch.ind3,dWOLS_mlogarr0001,2,3,8,6.322,0.8967125
fold9,37.74969743646165,122.42163817851441,batch.ind3,dWOLS_mlogarr0001,2,3,8,6.322,0.8967125
fold10,32.02069306930693,106.31029906276049,batch.ind3,dWOLS_mlogarr0001,2,3,8,6.322,0.8967125
fold1,25.91622103386809,117.70149861948387,batch.ind4,dWOLS_mlogarr0001,2,4,9,6.322,0.8967125
fold2,16.026578073089702,86.94114034939899,batch.ind4,dWOLS_mlogarr0001,2,4,9,6.322,0.8967125
fold3,16.002156452855097,94.352787391307,batch.ind4,dWOLS_mlogarr0001,2,4,9,6.322,0.8967125
fold4,41.79667730223347,112.1021187919689,batch.ind4,dWOLS_mlogarr0001,2,4,9,6.322,0.8967125
fold5,24.586607142857144,111.37693605162804,batch.ind4,dWOLS_mlogarr0001,2,4,9,6.322,0.8967125
fold6,21.979744746396744,90.14815327235148,batch.ind4,dWOLS_mlogarr0001,2,4,9,6.322,0.8967125
fold7,33.97070871690966,96.81991669772721,batch.ind4,dWOLS_mlogarr0001,2,4,9,6.322,0.8967125
fold8,25.975935828877006,115.08745383537024,batch.ind4,dWOLS_mlogarr0001,2,4,9,6.322,0.8967125
fold9,36.016740039621396,92.00218383224683,batch.ind4,dWOLS_mlogarr0001,2,4,9,6.322,0.8967125
fold10,23.862003697508584,91.86829365600877,batch.ind4,dWOLS_mlogarr0001,2,4,9,6.322,0.8967125
fold1,28.185383244206772,99.20634293167208,batch.ind5,dWOLS_mlogarr0001,2,5,10,6.322,0.8967125
fold2,22.08494472096199,99.40498026430214,batch.ind5,dWOLS_mlogarr0001,2,5,10,6.322,0.8967125
fold3,41.98630302763598,94.46601581264252,batch.ind5,dWOLS_mlogarr0001,2,5,10,6.322,0.8967125
fold4,21.65007160956263,99.12206409276419,batch.ind5,dWOLS_mlogarr0001,2,5,10,6.322,0.8967125
fold5,27.571364116559558,92.85112321720484,batch.ind5,dWOLS_mlogarr0001,2,5,10,6.322,0.8967125
fold6,25.966316623736873,108.62040962793681,batch.ind5,dWOLS_mlogarr0001,2,5,10,6.322,0.8967125
fold7,26.01665529911333,106.5966928664789,batch.ind5,dWOLS_mlogarr0001,2,5,10,6.322,0.8967125
fold8,27.76973684210526,100.83593877354068,batch.ind5,dWOLS_mlogarr0001,2,5,10,6.322,0.8967125
fold9,32.35998239049086,106.86825863378955,batch.ind5,dWOLS_mlogarr0001,2,5,10,6.322,0.8967125
fold10,39.72674661678953,126.77220170239858,batch.ind5,dWOLS_mlogarr0001,2,5,10,6.322,0.8967125
fold1,28.216465226867445,103.10081049225575,batch.ind1,dWOLS_mlogarr0001,3,1,11,6.347,0.8919699
fold2,38.319634602685454,91.71117349570001,batch.ind1,dWOLS_mlogarr0001,3,1,11,6.347,0.8919699
fold3,31.76827094474153,89.73257639811571,batch.ind1,dWOLS_mlogarr0001,3,1,11,6.347,0.8919699
fold4,32.18627450980392,124.77997025454447,batch.ind1,dWOLS_mlogarr0001,3,1,11,6.347,0.8919699
fold5,20.006657716348272,118.82726964100326,batch.ind1,dWOLS_mlogarr0001,3,1,11,6.347,0.8919699
fold6,21.538560666137986,70.34074273701488,batch.ind1,dWOLS_mlogarr0001,3,1,11,6.347,0.8919699
fold7,19.787679373184258,115.70095671724002,batch.ind1,dWOLS_mlogarr0001,3,1,11,6.347,0.8919699
fold8,36.79017857142857,121.00093869169844,batch.ind1,dWOLS_mlogarr0001,3,1,11,6.347,0.8919699
fold9,29.84150071515018,69.16054774788127,batch.ind1,dWOLS_mlogarr0001,3,1,11,6.347,0.8919699
fold10,22.01049504950495,111.34654359891842,batch.ind1,dWOLS_mlogarr0001,3,1,11,6.347,0.8919699
fold1,18.160491381018428,121.40185012423262,batch.ind2,dWOLS_mlogarr0001,3,2,12,6.347,0.8919699
fold2,20.095577071184948,113.2824686202583,batch.ind2,dWOLS_mlogarr0001,3,2,12,6.347,0.8919699
fold3,29.952308132371062,90.05436743466007,batch.ind2,dWOLS_mlogarr0001,3,2,12,6.347,0.8919699
fold4,37.9737972035671,111.15989719269317,batch.ind2,dWOLS_mlogarr0001,3,2,12,6.347,0.8919699
fold5,25.952033092765358,121.80296085839646,batch.ind2,dWOLS_mlogarr0001,3,2,12,6.347,0.8919699
fold6,25.964251899152263,106.05446508482913,batch.ind2,dWOLS_mlogarr0001,3,2,12,6.347,0.8919699
fold7,33.98350971375767,90.5821559215089,batch.ind2,dWOLS_mlogarr0001,3,2,12,6.347,0.8919699
fold8,27.707664884135472,94.68698337402287,batch.ind2,dWOLS_mlogarr0001,3,2,12,6.347,0.8919699
fold9,31.899385408406026,77.92018817567623,batch.ind2,dWOLS_mlogarr0001,3,2,12,6.347,0.8919699
fold10,17.750517211022096,85.13520807659957,batch.ind2,dWOLS_mlogarr0001,3,2,12,6.347,0.8919699
fold1,20.366682828995216,87.49693571211311,batch.ind3,dWOLS_mlogarr0001,3,3,13,6.347,0.8919699
fold2,23.716018135399242,84.69235522836644,batch.ind3,dWOLS_mlogarr0001,3,3,13,6.347,0.8919699
fold3,21.918588276711848,81.68851844850464,batch.ind3,dWOLS_mlogarr0001,3,3,13,6.347,0.8919699
fold4,33.985752948424576,114.93810215036467,batch.ind3,dWOLS_mlogarr0001,3,3,13,6.347,0.8919699
fold5,34.26996235387359,115.77795742606764,batch.ind3,dWOLS_mlogarr0001,3,3,13,6.347,0.8919699
fold6,23.519204510417126,83.78203090510522,batch.ind3,dWOLS_mlogarr0001,3,3,13,6.347,0.8919699
fold7,44.01338804426746,120.2932127597123,batch.ind3,dWOLS_mlogarr0001,3,3,13,6.347,0.8919699
fold8,30.229639005062733,94.32961240548335,batch.ind3,dWOLS_mlogarr0001,3,3,13,6.347,0.8919699
fold9,23.902140908290793,97.27087572068284,batch.ind3,dWOLS_mlogarr0001,3,3,13,6.347,0.8919699
fold10,17.53370340999207,126.50259889563219,batch.ind3,dWOLS_mlogarr0001,3,3,13,6.347,0.8919699
fold1,28.143096050170534,119.45177316805317,batch.ind4,dWOLS_mlogarr0001,3,4,14,6.347,0.8919699
fold2,32.10170964618905,128.56056835223285,batch.ind4,dWOLS_mlogarr0001,3,4,14,6.347,0.8919699
fold3,27.968755500792113,101.07319916490972,batch.ind4,dWOLS_mlogarr0001,3,4,14,6.347,0.8919699
fold4,37.83016770842504,113.00665059845443,batch.ind4,dWOLS_mlogarr0001,3,4,14,6.347,0.8919699
fold5,39.67349768875193,116.7563596046177,batch.ind4,dWOLS_mlogarr0001,3,4,14,6.347,0.8919699
fold6,28.499173735815795,88.55776906634297,batch.ind4,dWOLS_mlogarr0001,3,4,14,6.347,0.8919699
fold7,13.841847407244302,88.0289121021942,batch.ind4,dWOLS_mlogarr0001,3,4,14,6.347,0.8919699
fold8,21.678033306899287,98.34579071725285,batch.ind4,dWOLS_mlogarr0001,3,4,14,6.347,0.8919699
fold9,17.95148301355395,112.3925885738224,batch.ind4,dWOLS_mlogarr0001,3,4,14,6.347,0.8919699
fold10,28.11690112938379,87.2002128655932,batch.ind4,dWOLS_mlogarr0001,3,4,14,6.347,0.8919699
fold1,27.88680926916221,112.37694983413066,batch.ind5,dWOLS_mlogarr0001,3,5,15,6.347,0.8919699
fold2,31.969030540397817,115.21323193743184,batch.ind5,dWOLS_mlogarr0001,3,5,15,6.347,0.8919699
fold3,27.52317975597939,108.14261365018743,batch.ind5,dWOLS_mlogarr0001,3,5,15,6.347,0.8919699
fold4,24.184491978609625,111.68211649042668,batch.ind5,dWOLS_mlogarr0001,3,5,15,6.347,0.8919699
fold5,31.86466678404789,86.67494653218924,batch.ind5,dWOLS_mlogarr0001,3,5,15,6.347,0.8919699
fold6,34.07083415890628,93.59434050927442,batch.ind5,dWOLS_mlogarr0001,3,5,15,6.347,0.8919699
fold7,25.968952234206473,119.87645338338966,batch.ind5,dWOLS_mlogarr0001,3,5,15,6.347,0.8919699
fold8,23.98069306930693,92.77817065484783,batch.ind5,dWOLS_mlogarr0001,3,5,15,6.347,0.8919699
fold9,28.214334516121923,104.09905021353688,batch.ind5,dWOLS_mlogarr0001,3,5,15,6.347,0.8919699
fold10,28.01334404083519,105.4789383715667,batch.ind5,dWOLS_mlogarr0001,3,5,15,6.347,0.8919699
fold1,28.04651162790698,116.35273088056515,batch.ind1,dWOLS_mlogarr0001,4,1,16,5.651,0.8883293
fold2,17.974153297682708,108.47721812886687,batch.ind1,dWOLS_mlogarr0001,4,1,16,5.651,0.8883293
fold3,44.106735637244114,100.51534454478109,batch.ind1,dWOLS_mlogarr0001,4,1,16,5.651,0.8883293
fold4,15.868421052631577,102.06861030698893,batch.ind1,dWOLS_mlogarr0001,4,1,16,5.651,0.8883293
fold5,13.895171229861784,90.11415962846311,batch.ind1,dWOLS_mlogarr0001,4,1,16,5.651,0.8883293
fold6,24.18776027321802,102.45572293987624,batch.ind1,dWOLS_mlogarr0001,4,1,16,5.651,0.8883293
fold7,20.015908840691402,100.75287782917339,batch.ind1,dWOLS_mlogarr0001,4,1,16,5.651,0.8883293
fold8,28.360849939447316,108.59523043363949,batch.ind1,dWOLS_mlogarr0001,4,1,16,5.651,0.8883293
fold9,34.05059405940594,95.68935450423893,batch.ind1,dWOLS_mlogarr0001,4,1,16,5.651,0.8883293
fold10,31.791674002993222,99.4209549529062,batch.ind1,dWOLS_mlogarr0001,4,1,16,5.651,0.8883293
fold1,18.01039603960396,99.97096875190599,batch.ind2,dWOLS_mlogarr0001,4,2,17,5.651,0.8883293
fold2,32.10115562403698,111.35071904742318,batch.ind2,dWOLS_mlogarr0001,4,2,17,5.651,0.8883293
fold3,29.88453664979089,88.83326732780671,batch.ind2,dWOLS_mlogarr0001,4,2,17,5.651,0.8883293
fold4,33.857756247935704,129.6085505765786,batch.ind2,dWOLS_mlogarr0001,4,2,17,5.651,0.8883293
fold5,14.041156791971124,90.81662714691495,batch.ind2,dWOLS_mlogarr0001,4,2,17,5.651,0.8883293
fold6,26.227779000660355,88.60076431416701,batch.ind2,dWOLS_mlogarr0001,4,2,17,5.651,0.8883293
fold7,29.9509900990099,101.74094455852156,batch.ind2,dWOLS_mlogarr0001,4,2,17,5.651,0.8883293
fold8,20.009300022011885,91.74400664243701,batch.ind2,dWOLS_mlogarr0001,4,2,17,5.651,0.8883293
fold9,25.629460251691533,92.15514812629299,batch.ind2,dWOLS_mlogarr0001,4,2,17,5.651,0.8883293
fold10,28.120099009900986,118.48714416410839,batch.ind2,dWOLS_mlogarr0001,4,2,17,5.651,0.8883293
fold1,31.94108910891089,121.48490617439568,batch.ind3,dWOLS_mlogarr0001,4,3,18,5.651,0.8883293
fold2,27.588235294117645,115.88741137672167,batch.ind3,dWOLS_mlogarr0001,4,3,18,5.651,0.8883293
fold3,35.737117144868854,98.29053417367665,batch.ind3,dWOLS_mlogarr0001,4,3,18,5.651,0.8883293
fold4,39.84604886638785,133.0824646623345,batch.ind3,dWOLS_mlogarr0001,4,3,18,5.651,0.8883293
fold5,38.534298176050754,83.18035374942804,batch.ind3,dWOLS_mlogarr0001,4,3,18,5.651,0.8883293
fold6,16.26822446372726,77.20734941632242,batch.ind3,dWOLS_mlogarr0001,4,3,18,5.651,0.8883293
fold7,22.094474153297682,111.847732061526,batch.ind3,dWOLS_mlogarr0001,4,3,18,5.651,0.8883293
fold8,30.731276853585985,103.89513880672747,batch.ind3,dWOLS_mlogarr0001,4,3,18,5.651,0.8883293
fold9,16.00004400343227,82.32858916999633,batch.ind3,dWOLS_mlogarr0001,4,3,18,5.651,0.8883293
fold10,30.118157014610105,100.95599474743254,batch.ind3,dWOLS_mlogarr0001,4,3,18,5.651,0.8883293
fold1,29.885968579475442,96.31030079008995,batch.ind4,dWOLS_mlogarr0001,4,4,19,5.651,0.8883293
fold2,35.82316227461858,101.84083740152627,batch.ind4,dWOLS_mlogarr0001,4,4,19,5.651,0.8883293
fold3,25.91108910891089,116.56406286213836,batch.ind4,dWOLS_mlogarr0001,4,4,19,5.651,0.8883293
fold4,34.43151922441335,100.1623626653914,batch.ind4,dWOLS_mlogarr0001,4,4,19,5.651,0.8883293
fold5,18.117331895792997,93.06156070868455,batch.ind4,dWOLS_mlogarr0001,4,4,19,5.651,0.8883293
fold6,11.858009067699621,77.65138372759986,batch.ind4,dWOLS_mlogarr0001,4,4,19,5.651,0.8883293
fold7,43.95008912655971,147.0811777638689,batch.ind4,dWOLS_mlogarr0001,4,4,19,5.651,0.8883293
fold8,11.908735834525249,120.6807842952975,batch.ind4,dWOLS_mlogarr0001,4,4,19,5.651,0.8883293
fold9,20.00445632798574,99.11135512633278,batch.ind4,dWOLS_mlogarr0001,4,4,19,5.651,0.8883293
fold10,36.322660586835845,80.20853776296313,batch.ind4,dWOLS_mlogarr0001,4,4,19,5.651,0.8883293
fold1,27.649341496718495,112.42126871580983,batch.ind5,dWOLS_mlogarr0001,4,5,20,5.651,0.8883293
fold2,25.99069306930693,114.3864232419135,batch.ind5,dWOLS_mlogarr0001,4,5,20,5.651,0.8883293
fold3,54.280748663101605,121.99507821297892,batch.ind5,dWOLS_mlogarr0001,4,5,20,5.651,0.8883293
fold4,32.050753658268235,105.12453535571012,batch.ind5,dWOLS_mlogarr0001,4,5,20,5.651,0.8883293
fold5,24.64613859204583,85.36804998711685,batch.ind5,dWOLS_mlogarr0001,4,5,20,5.651,0.8883293
fold6,16.12558626004624,72.4754010979285,batch.ind5,dWOLS_mlogarr0001,4,5,20,5.651,0.8883293
fold7,8.000022001716134,80.57078424191008,batch.ind5,dWOLS_mlogarr0001,4,5,20,5.651,0.8883293
fold8,37.95035312754395,101.09320717570384,batch.ind5,dWOLS_mlogarr0001,4,5,20,5.651,0.8883293
fold9,31.70855614973262,108.06702122078376,batch.ind5,dWOLS_mlogarr0001,4,5,20,5.651,0.8883293
fold10,14.076994229837467,99.1332319015271,batch.ind5,dWOLS_mlogarr0001,4,5,20,5.651,0.8883293
fold1,22.053367818622057,105.11080403952015,batch.ind1,dWOLS_mlogarr0001,5,1,21,5.329,0.8885574
fold2,35.92272637210224,92.76538932392798,batch.ind1,dWOLS_mlogarr0001,5,1,21,5.329,0.8885574
fold3,30.09289521208651,102.14262504634209,batch.ind1,dWOLS_mlogarr0001,5,1,21,5.329,0.8885574
fold4,24.049675431840686,111.24365283033872,batch.ind1,dWOLS_mlogarr0001,5,1,21,5.329,0.8885574
fold5,37.475926292847234,107.19115712711192,batch.ind1,dWOLS_mlogarr0001,5,1,21,5.329,0.8885574
fold6,18.13778340303764,122.37571542020781,batch.ind1,dWOLS_mlogarr0001,5,1,21,5.329,0.8885574
fold7,32.17833068992863,95.24654416901289,batch.ind1,dWOLS_mlogarr0001,5,1,21,5.329,0.8885574
fold8,30.3060112297699,102.71555621768763,batch.ind1,dWOLS_mlogarr0001,5,1,21,5.329,0.8885574
fold9,33.85828877005348,85.19850272259984,batch.ind1,dWOLS_mlogarr0001,5,1,21,5.329,0.8885574
fold10,17.91831323710614,91.38422800234363,batch.ind1,dWOLS_mlogarr0001,5,1,21,5.329,0.8885574
fold1,25.795583276397856,112.04039028357737,batch.ind2,dWOLS_mlogarr0001,5,2,22,5.329,0.8885574
fold2,22.412506880986456,100.76023910000879,batch.ind2,dWOLS_mlogarr0001,5,2,22,5.329,0.8885574
fold3,24.014860313057262,112.9576697727196,batch.ind2,dWOLS_mlogarr0001,5,2,22,5.329,0.8885574
fold4,38.306986467158104,87.20751410362911,batch.ind2,dWOLS_mlogarr0001,5,2,22,5.329,0.8885574
fold5,32.190075915942344,96.09981702728415,batch.ind2,dWOLS_mlogarr0001,5,2,22,5.329,0.8885574
fold6,46.1977947002377,136.32426286187598,batch.ind2,dWOLS_mlogarr0001,5,2,22,5.329,0.8885574
fold7,11.980132450331125,88.4214181601442,batch.ind2,dWOLS_mlogarr0001,5,2,22,5.329,0.8885574
fold8,25.826173078616076,99.0471025607606,batch.ind2,dWOLS_mlogarr0001,5,2,22,5.329,0.8885574
fold9,41.84179222839016,99.20665616903894,batch.ind2,dWOLS_mlogarr0001,5,2,22,5.329,0.8885574
fold10,23.95679392672461,82.43116875488411,batch.ind2,dWOLS_mlogarr0001,5,2,22,5.329,0.8885574
fold1,53.72314549856923,127.98949305314808,batch.ind3,dWOLS_mlogarr0001,5,3,23,5.329,0.8885574
fold2,28.22829914605159,102.26937662434857,batch.ind3,dWOLS_mlogarr0001,5,3,23,5.329,0.8885574
fold3,29.67010105012879,109.1528356243915,batch.ind3,dWOLS_mlogarr0001,5,3,23,5.329,0.8885574
fold4,22.189805440619775,104.42059937456536,batch.ind3,dWOLS_mlogarr0001,5,3,23,5.329,0.8885574
fold5,41.67753120665742,125.29729373458281,batch.ind3,dWOLS_mlogarr0001,5,3,23,5.329,0.8885574
fold6,13.85932236972459,85.28471139258119,batch.ind3,dWOLS_mlogarr0001,5,3,23,5.329,0.8885574
fold7,14.071548025085267,73.24103107237735,batch.ind3,dWOLS_mlogarr0001,5,3,23,5.329,0.8885574
fold8,7.9342105263157885,109.30388074445348,batch.ind3,dWOLS_mlogarr0001,5,3,23,5.329,0.8885574
fold9,32.068539869741244,107.5991948918673,batch.ind3,dWOLS_mlogarr0001,5,3,23,5.329,0.8885574
fold10,25.972158640725418,100.82549030312376,batch.ind3,dWOLS_mlogarr0001,5,3,23,5.329,0.8885574
fold1,21.735351756027743,103.57302612615891,batch.ind4,dWOLS_mlogarr0001,5,4,24,5.329,0.8885574
fold2,22.16550775662889,101.33020735175741,batch.ind4,dWOLS_mlogarr0001,5,4,24,5.329,0.8885574
fold3,36.361842394893245,117.97758186545991,batch.ind4,dWOLS_mlogarr0001,5,4,24,5.329,0.8885574
fold4,16.001100158422812,101.00830355300116,batch.ind4,dWOLS_mlogarr0001,5,4,24,5.329,0.8885574
fold5,21.95079207920792,106.84921950921992,batch.ind4,dWOLS_mlogarr0001,5,4,24,5.329,0.8885574
fold6,38.00436941410129,115.62228099402743,batch.ind4,dWOLS_mlogarr0001,5,4,24,5.329,0.8885574
fold7,41.99016523288817,129.82991336157895,batch.ind4,dWOLS_mlogarr0001,5,4,24,5.329,0.8885574
fold8,25.826173078616076,84.61310825905265,batch.ind4,dWOLS_mlogarr0001,5,4,24,5.329,0.8885574
fold9,28.153988459674935,81.28537463637448,batch.ind4,dWOLS_mlogarr0001,5,4,24,5.329,0.8885574
fold10,31.669777679947174,117.40906148457744,batch.ind4,dWOLS_mlogarr0001,5,4,24,5.329,0.8885574
fold1,31.820685555775707,89.14351868615711,batch.ind5,dWOLS_mlogarr0001,5,5,25,5.329,0.8885574
fold2,28.185571208452565,108.39702590939149,batch.ind5,dWOLS_mlogarr0001,5,5,25,5.329,0.8885574
fold3,25.952033092765358,114.43532008239576,batch.ind5,dWOLS_mlogarr0001,5,5,25,5.329,0.8885574
fold4,35.7200127652082,88.64098717369089,batch.ind5,dWOLS_mlogarr0001,5,5,25,5.329,0.8885574
fold5,21.996743746012193,111.6143199457032,batch.ind5,dWOLS_mlogarr0001,5,5,25,5.329,0.8885574
fold6,7.88235294117647,101.3874656701085,batch.ind5,dWOLS_mlogarr0001,5,5,25,5.329,0.8885574
fold7,21.76471170992669,121.20520251321356,batch.ind5,dWOLS_mlogarr0001,5,5,25,5.329,0.8885574
fold8,44.02046004842615,116.22761330132644,batch.ind5,dWOLS_mlogarr0001,5,5,25,5.329,0.8885574
fold9,17.878956636583755,86.87748744486294,batch.ind5,dWOLS_mlogarr0001,5,5,25,5.329,0.8885574
fold10,29.869229245096097,94.75639868195837,batch.ind5,dWOLS_mlogarr0001,5,5,25,5.329,0.8885574
fold1,7.967380302763598,83.97895394678108,batch.ind1,linear_logarr0001,1,1,1,8.113,0.8963847
fold2,49.92156862745098,127.62911394412784,batch.ind1,linear_logarr0001,1,1,1,8.113,0.8963847
fold3,48.01597851923585,108.11225094828423,batch.ind1,linear_logarr0001,1,1,1,8.113,0.8963847
fold4,37.886518658686846,96.30103777243717,batch.ind1,linear_logarr0001,1,1,1,8.113,0.8963847
fold5,28.406311941153152,104.61842933674109,batch.ind1,linear_logarr0001,1,1,1,8.113,0.8963847
fold6,13.791208549080093,88.0173492630583,batch.ind1,linear_logarr0001,1,1,1,8.113,0.8963847
fold7,32.02069306930693,103.2368560798585,batch.ind1,linear_logarr0001,1,1,1,8.113,0.8963847
fold8,17.896502773131438,98.76953832481928,batch.ind1,linear_logarr0001,1,1,1,8.113,0.8963847
fold9,37.635219641087744,83.36095759368145,batch.ind1,linear_logarr0001,1,1,1,8.113,0.8963847
fold10,26.018372645660975,122.1276023829567,batch.ind1,linear_logarr0001,1,1,1,8.113,0.8963847
fold1,29.79505996259214,103.35848803402719,batch.ind2,linear_logarr0001,1,2,2,8.113,0.8963847
fold2,35.72359817713493,111.99596645739494,batch.ind2,linear_logarr0001,1,2,2,8.113,0.8963847
fold3,23.924884437596305,115.04767322608829,batch.ind2,linear_logarr0001,1,2,2,8.113,0.8963847
fold4,29.996765747728325,93.75739959051508,batch.ind2,linear_logarr0001,1,2,2,8.113,0.8963847
fold5,34.23149900946511,87.04029043034367,batch.ind2,linear_logarr0001,1,2,2,8.113,0.8963847
fold6,26.088919966524248,101.97660912121086,batch.ind2,linear_logarr0001,1,2,2,8.113,0.8963847
fold7,25.767188428769565,110.46912614849572,batch.ind2,linear_logarr0001,1,2,2,8.113,0.8963847
fold8,29.97349018399507,112.8732460831699,batch.ind2,linear_logarr0001,1,2,2,8.113,0.8963847
fold9,17.96136318605112,121.91655766391403,batch.ind2,linear_logarr0001,1,2,2,8.113,0.8963847
fold10,16.00004400343227,76.39316660128648,batch.ind2,linear_logarr0001,1,2,2,8.113,0.8963847
fold1,27.52317975597939,83.18906754220488,batch.ind3,linear_logarr0001,1,3,3,8.113,0.8963847
fold2,21.959960247349823,105.15257589554567,batch.ind3,linear_logarr0001,1,3,3,8.113,0.8963847
fold3,34.404050187101035,97.70197813184623,batch.ind3,linear_logarr0001,1,3,3,8.113,0.8963847
fold4,13.913547237076648,97.77187992987002,batch.ind3,linear_logarr0001,1,3,3,8.113,0.8963847
fold5,31.86466678404789,112.62142530333074,batch.ind3,linear_logarr0001,1,3,3,8.113,0.8963847
fold6,33.95108910891089,116.20325695813933,batch.ind3,linear_logarr0001,1,3,3,8.113,0.8963847
fold7,23.863912421608536,95.94429704159845,batch.ind3,linear_logarr0001,1,3,3,8.113,0.8963847
fold8,21.795900178253117,93.82326465524919,batch.ind3,linear_logarr0001,1,3,3,8.113,0.8963847
fold9,28.033244593078262,96.96083003303826,batch.ind3,linear_logarr0001,1,3,3,8.113,0.8963847
fold10,19.993421486875977,84.04778257714369,batch.ind3,linear_logarr0001,1,3,3,8.113,0.8963847
fold1,42.67317218149395,135.249287498337,batch.ind4,linear_logarr0001,1,4,4,8.113,0.8963847
fold2,17.979205633182968,115.55156733221985,batch.ind4,linear_logarr0001,1,4,4,8.113,0.8963847
fold3,26.065880721220527,88.56862291177511,batch.ind4,linear_logarr0001,1,4,4,8.113,0.8963847
fold4,23.70677361853832,96.34967869295686,batch.ind4,linear_logarr0001,1,4,4,8.113,0.8963847
fold5,33.71838523543144,105.45776236864914,batch.ind4,linear_logarr0001,1,4,4,8.113,0.8963847
fold6,36.10301562843936,116.5150623225659,batch.ind4,linear_logarr0001,1,4,4,8.113,0.8963847
fold7,27.869246171448687,85.31805936933769,batch.ind4,linear_logarr0001,1,4,4,8.113,0.8963847
fold8,25.93384310705248,113.93893297469265,batch.ind4,linear_logarr0001,1,4,4,8.113,0.8963847
fold9,30.02726372538233,128.0810253520796,batch.ind4,linear_logarr0001,1,4,4,8.113,0.8963847
fold10,33.5368650409367,101.31576052639333,batch.ind4,linear_logarr0001,1,4,4,8.113,0.8963847
fold1,27.92674444199868,101.4685778287421,batch.ind5,linear_logarr0001,1,5,5,8.113,0.8963847
fold2,22.053367818622057,108.1236041096689,batch.ind5,linear_logarr0001,1,5,5,8.113,0.8963847
fold3,29.917112299465238,116.42529412984781,batch.ind5,linear_logarr0001,1,5,5,8.113,0.8963847
fold4,28.003773792496425,82.20370124954167,batch.ind5,linear_logarr0001,1,5,5,8.113,0.8963847
fold5,29.67010105012879,111.46495793748213,batch.ind5,linear_logarr0001,1,5,5,8.113,0.8963847
fold6,25.933843107052482,105.05663840330493,batch.ind5,linear_logarr0001,1,5,5,8.113,0.8963847
fold7,34.037433155080215,95.65893260421585,batch.ind5,linear_logarr0001,1,5,5,8.113,0.8963847
fold8,25.962758225785137,115.71831735595464,batch.ind5,linear_logarr0001,1,5,5,8.113,0.8963847
fold9,28.096655297612497,91.25245052179643,batch.ind5,linear_logarr0001,1,5,5,8.113,0.8963847
fold10,46.143417428665856,125.5179147874482,batch.ind5,linear_logarr0001,1,5,5,8.113,0.8963847
fold1,27.936328021832907,109.35149768620997,batch.ind1,linear_logarr0001,2,1,6,8.2,0.8928618
fold2,43.96695342236694,121.02512446894882,batch.ind1,linear_logarr0001,2,1,6,8.2,0.8928618
fold3,28.00671052342083,106.31092039142091,batch.ind1,linear_logarr0001,2,1,6,8.2,0.8928618
fold4,44.003025435662735,115.90586954172325,batch.ind1,linear_logarr0001,2,1,6,8.2,0.8928618
fold5,17.53370340999207,76.31863258357257,batch.ind1,linear_logarr0001,2,1,6,8.2,0.8928618
fold6,35.98019845547953,140.4778666124048,batch.ind1,linear_logarr0001,2,1,6,8.2,0.8928618
fold7,13.616129032258065,84.08483406847324,batch.ind1,linear_logarr0001,2,1,6,8.2,0.8928618
fold8,29.827220459952418,95.318114758503,batch.ind1,linear_logarr0001,2,1,6,8.2,0.8928618
fold9,17.9578883628757,103.51239106564805,batch.ind1,linear_logarr0001,2,1,6,8.2,0.8928618
fold10,29.769665147612443,81.52321931543695,batch.ind1,linear_logarr0001,2,1,6,8.2,0.8928618
fold1,27.968755500792113,105.01697433752842,batch.ind2,linear_logarr0001,2,2,7,8.2,0.8928618
fold2,44.05342981760507,111.31326869747456,batch.ind2,linear_logarr0001,2,2,7,8.2,0.8928618
fold3,17.98465279000176,96.86433822240423,batch.ind2,linear_logarr0001,2,2,7,8.2,0.8928618
fold4,17.839883375508855,110.70563578104995,batch.ind2,linear_logarr0001,2,2,7,8.2,0.8928618
fold5,40.292075937100826,132.84797213115598,batch.ind2,linear_logarr0001,2,2,7,8.2,0.8928618
fold6,29.269329896907216,120.06342787169011,batch.ind2,linear_logarr0001,2,2,7,8.2,0.8928618
fold7,23.579782082324456,86.35520965304838,batch.ind2,linear_logarr0001,2,2,7,8.2,0.8928618
fold8,24.040396039603962,94.26122349401264,batch.ind2,linear_logarr0001,2,2,7,8.2,0.8928618
fold9,17.792681047765793,75.41928250290064,batch.ind2,linear_logarr0001,2,2,7,8.2,0.8928618
fold10,19.993421486875977,116.12778153985538,batch.ind2,linear_logarr0001,2,2,7,8.2,0.8928618
fold1,41.95313325118817,120.9341442909052,batch.ind3,linear_logarr0001,2,3,8,8.2,0.8928618
fold2,19.885026737967912,70.5573014844666,batch.ind3,linear_logarr0001,2,3,8,8.2,0.8928618
fold3,39.92138613861386,105.22886209770874,batch.ind3,linear_logarr0001,2,3,8,8.2,0.8928618
fold4,24.03496750027542,78.72799609274881,batch.ind3,linear_logarr0001,2,3,8,8.2,0.8928618
fold5,30.26748563503071,125.16508678788993,batch.ind3,linear_logarr0001,2,3,8,8.2,0.8928618
fold6,23.64705882352941,113.20470070923022,batch.ind3,linear_logarr0001,2,3,8,8.2,0.8928618
fold7,22.0739293185071,102.56574981219286,batch.ind3,linear_logarr0001,2,3,8,8.2,0.8928618
fold8,15.787008697566883,83.79663577127296,batch.ind3,linear_logarr0001,2,3,8,8.2,0.8928618
fold9,35.86552976124986,122.11070719101525,batch.ind3,linear_logarr0001,2,3,8,8.2,0.8928618
fold10,25.990693069306932,98.7873706467156,batch.ind3,linear_logarr0001,2,3,8,8.2,0.8928618
fold1,23.88591800356506,107.27605564035083,batch.ind4,linear_logarr0001,2,4,9,8.2,0.8928618
fold2,24.019966557391477,101.08592438177324,batch.ind4,linear_logarr0001,2,4,9,8.2,0.8928618
fold3,21.979744746396744,106.56021623267785,batch.ind4,linear_logarr0001,2,4,9,8.2,0.8928618
fold4,45.750775662889204,117.97611337395227,batch.ind4,linear_logarr0001,2,4,9,8.2,0.8928618
fold5,28.415178571428573,125.74128532316416,batch.ind4,linear_logarr0001,2,4,9,8.2,0.8928618
fold6,21.979744746396744,97.44716647580182,batch.ind4,linear_logarr0001,2,4,9,8.2,0.8928618
fold7,32.2841254459763,105.59834506127287,batch.ind4,linear_logarr0001,2,4,9,8.2,0.8928618
fold8,19.944741532976828,97.43231078754692,batch.ind4,linear_logarr0001,2,4,9,8.2,0.8928618
fold9,36.016740039621396,88.37707373891553,batch.ind4,linear_logarr0001,2,4,9,8.2,0.8928618
fold10,29.754511840831057,86.09164014893436,batch.ind4,linear_logarr0001,2,4,9,8.2,0.8928618
fold1,34.15686274509804,106.6369724543417,batch.ind5,linear_logarr0001,2,5,10,8.2,0.8928618
fold2,20.019876227811302,93.05383489196852,batch.ind5,linear_logarr0001,2,5,10,8.2,0.8928618
fold3,39.93641084316141,103.23664050744458,batch.ind5,linear_logarr0001,2,5,10,8.2,0.8928618
fold4,20.029139583562852,98.36999062775492,batch.ind5,linear_logarr0001,2,5,10,8.2,0.8928618
fold5,19.71468659212959,89.89327823164581,batch.ind5,linear_logarr0001,2,5,10,8.2,0.8928618
fold6,32.11937784822667,103.63018346231257,batch.ind5,linear_logarr0001,2,5,10,8.2,0.8928618
fold7,26.01665529911333,121.23552638337823,batch.ind5,linear_logarr0001,2,5,10,8.2,0.8928618
fold8,35.737117144868854,108.95960525502531,batch.ind5,linear_logarr0001,2,5,10,8.2,0.8928618
fold9,28.271846797270527,97.3695402498869,batch.ind5,linear_logarr0001,2,5,10,8.2,0.8928618
fold10,37.70325668390362,126.02566217755832,batch.ind5,linear_logarr0001,2,5,10,8.2,0.8928618
fold1,28.216465226867445,99.3062257896919,batch.ind1,linear_logarr0001,3,1,11,8.023,0.8908858
fold2,40.27742681047766,86.65486889819887,batch.ind1,linear_logarr0001,3,1,11,8.023,0.8908858
fold3,25.85650623885918,93.48778276788906,batch.ind1,linear_logarr0001,3,1,11,8.023,0.8908858
fold4,36.127450980392155,128.1462334420421,batch.ind1,linear_logarr0001,3,1,11,8.023,0.8908858
fold5,25.972158640725418,109.14398762580143,batch.ind1,linear_logarr0001,3,1,11,8.023,0.8908858
fold6,21.678033306899287,87.38888988401044,batch.ind1,linear_logarr0001,3,1,11,8.023,0.8908858
fold7,21.75184875429175,115.3826971096199,batch.ind1,linear_logarr0001,3,1,11,8.023,0.8908858
fold8,36.79017857142857,114.21102229392784,batch.ind1,linear_logarr0001,3,1,11,8.023,0.8908858
fold9,35.819089008691826,80.4597049980085,batch.ind1,linear_logarr0001,3,1,11,8.023,0.8908858
fold10,21.99059405940594,109.11746925000507,batch.ind1,linear_logarr0001,3,1,11,8.023,0.8908858
fold1,26.36457301367149,124.2019659960234,batch.ind2,linear_logarr0001,3,2,12,8.023,0.8908858
fold2,20.04913631862691,113.7998877176938,batch.ind2,linear_logarr0001,3,2,12,8.023,0.8908858
fold3,29.952308132371062,103.616133626733,batch.ind2,linear_logarr0001,3,2,12,8.023,0.8908858
fold4,37.9737972035671,119.45205070916832,batch.ind2,linear_logarr0001,3,2,12,8.023,0.8908858
fold5,25.952033092765358,111.33985569897425,batch.ind2,linear_logarr0001,3,2,12,8.023,0.8908858
fold6,29.854574479797424,93.08970400963418,batch.ind2,linear_logarr0001,3,2,12,8.023,0.8908858
fold7,33.98350971375767,93.32740600173385,batch.ind2,linear_logarr0001,3,2,12,8.023,0.8908858
fold8,29.7379679144385,96.70968411009478,batch.ind2,linear_logarr0001,3,2,12,8.023,0.8908858
fold9,31.899385408406026,74.07485096245442,batch.ind2,linear_logarr0001,3,2,12,8.023,0.8908858
fold10,29.681519059776388,85.12605161797184,batch.ind2,linear_logarr0001,3,2,12,8.023,0.8908858
fold1,18.2801776386838,98.44258055213888,batch.ind3,linear_logarr0001,3,3,13,8.023,0.8908858
fold2,27.717349678668896,86.40639341426251,batch.ind3,linear_logarr0001,3,3,13,8.023,0.8908858
fold3,31.9026909875022,95.69483683679198,batch.ind3,linear_logarr0001,3,3,13,8.023,0.8908858
fold4,31.969030540397817,117.31088769185226,batch.ind3,linear_logarr0001,3,3,13,8.023,0.8908858
fold5,28.11690112938379,99.76935899058094,batch.ind3,linear_logarr0001,3,3,13,8.023,0.8908858
fold6,33.84454697617055,101.88678381612178,batch.ind3,linear_logarr0001,3,3,13,8.023,0.8908858
fold7,46.01671030340367,119.38420747536995,batch.ind3,linear_logarr0001,3,3,13,8.023,0.8908858
fold8,30.229639005062733,105.527187210868,batch.ind3,linear_logarr0001,3,3,13,8.023,0.8908858
fold9,27.869246171448687,96.96258069786279,batch.ind3,linear_logarr0001,3,3,13,8.023,0.8908858
fold10,25.822363203806503,131.5726550910509,batch.ind3,linear_logarr0001,3,3,13,8.023,0.8908858
fold1,28.143096050170534,123.17337260126473,batch.ind4,linear_logarr0001,3,4,14,8.023,0.8908858
fold2,32.134879422636864,121.24452803339204,batch.ind4,linear_logarr0001,3,4,14,8.023,0.8908858
fold3,45.953408290793874,108.72748493031456,batch.ind4,linear_logarr0001,3,4,14,8.023,0.8908858
fold4,39.794337089532526,124.28956956943567,batch.ind4,linear_logarr0001,3,4,14,8.023,0.8908858
fold5,39.75977327756989,109.03633651699639,batch.ind4,linear_logarr0001,3,4,14,8.023,0.8908858
fold6,28.499173735815795,88.19193579729348,batch.ind4,linear_logarr0001,3,4,14,8.023,0.8908858
fold7,21.622492568534625,102.43201097069439,batch.ind4,linear_logarr0001,3,4,14,8.023,0.8908858
fold8,21.678033306899287,80.76659197827088,batch.ind4,linear_logarr0001,3,4,14,8.023,0.8908858
fold9,23.902140908290793,112.34638246223678,batch.ind4,linear_logarr0001,3,4,14,8.023,0.8908858
fold10,28.11690112938379,90.13231761076273,batch.ind4,linear_logarr0001,3,4,14,8.023,0.8908858
fold1,25.91622103386809,100.40521655740885,batch.ind5,linear_logarr0001,3,5,15,8.023,0.8908858
fold2,29.98547790881887,117.20685128966579,batch.ind5,linear_logarr0001,3,5,15,8.023,0.8908858
fold3,25.584273003567812,106.36543244201233,batch.ind5,linear_logarr0001,3,5,15,8.023,0.8908858
fold4,30.096256684491976,111.40843389810657,batch.ind5,linear_logarr0001,3,5,15,8.023,0.8908858
fold5,33.90182894621005,79.33978746285364,batch.ind5,linear_logarr0001,3,5,15,8.023,0.8908858
fold6,31.92024965325936,94.0693587057837,batch.ind5,linear_logarr0001,3,5,15,8.023,0.8908858
fold7,23.924884437596305,101.84531411233112,batch.ind5,linear_logarr0001,3,5,15,8.023,0.8908858
fold8,23.98069306930693,96.4927497102893,batch.ind5,linear_logarr0001,3,5,15,8.023,0.8908858
fold9,28.54658056553457,107.33522224702739,batch.ind5,linear_logarr0001,3,5,15,8.023,0.8908858
fold10,28.01334404083519,98.11537989080192,batch.ind5,linear_logarr0001,3,5,15,8.023,0.8908858
fold1,28.04651162790698,116.34176128571704,batch.ind1,linear_logarr0001,4,1,16,7.968,0.8958108
fold2,21.975044563279855,106.38160076425567,batch.ind1,linear_logarr0001,4,1,16,7.968,0.8958108
fold3,43.84790887079023,105.5030211427107,batch.ind1,linear_logarr0001,4,1,16,7.968,0.8958108
fold4,25.952033092765358,117.89814484825855,batch.ind1,linear_logarr0001,4,1,16,7.968,0.8958108
fold5,17.82350999207677,94.19143618399181,batch.ind1,linear_logarr0001,4,1,16,7.968,0.8958108
fold6,21.955657155447835,90.98155543073305,batch.ind1,linear_logarr0001,4,1,16,7.968,0.8958108
fold7,16.01272707255312,90.55502761324323,batch.ind1,linear_logarr0001,4,1,16,7.968,0.8958108
fold8,24.357668171309037,109.49059725493007,batch.ind1,linear_logarr0001,4,1,16,7.968,0.8958108
fold9,38.07059405940594,104.48545591314779,batch.ind1,linear_logarr0001,4,1,16,7.968,0.8958108
fold10,31.791674002993222,100.37378984506582,batch.ind1,linear_logarr0001,4,1,16,7.968,0.8958108
fold1,18.01039603960396,88.97167381625226,batch.ind2,linear_logarr0001,4,2,17,7.968,0.8958108
fold2,34.14522342064715,113.41555512666778,batch.ind2,linear_logarr0001,4,2,17,7.968,0.8958108
fold3,33.88639665419326,94.05430092825074,batch.ind2,linear_logarr0001,4,2,17,7.968,0.8958108
fold4,35.9157767257514,133.42877750049112,batch.ind2,linear_logarr0001,4,2,17,7.968,0.8958108
fold5,17.969495554186107,98.2005298243819,batch.ind2,linear_logarr0001,4,2,17,7.968,0.8958108
fold6,22.13964340744002,80.95196753269352,batch.ind2,linear_logarr0001,4,2,17,7.968,0.8958108
fold7,29.9509900990099,102.27343566389493,batch.ind2,linear_logarr0001,4,2,17,7.968,0.8958108
fold8,21.70826546335021,95.88492601610618,batch.ind2,linear_logarr0001,4,2,17,7.968,0.8958108
fold9,35.231371079717015,105.60361314481548,batch.ind2,linear_logarr0001,4,2,17,7.968,0.8958108
fold10,26.11009900990099,109.27869315062922,batch.ind2,linear_logarr0001,4,2,17,7.968,0.8958108
fold1,29.93108910891089,117.36696769471608,batch.ind3,linear_logarr0001,4,3,18,7.968,0.8958108
fold2,39.770053475935825,128.3986623085548,batch.ind3,linear_logarr0001,4,3,18,7.968,0.8958108
fold3,37.72066977644781,96.17224550150416,batch.ind3,linear_logarr0001,4,3,18,7.968,0.8958108
fold4,39.84604886638785,134.06122676265718,batch.ind3,linear_logarr0001,4,3,18,7.968,0.8958108
fold5,38.25535289452815,91.59638955426335,batch.ind3,linear_logarr0001,4,3,18,7.968,0.8958108
fold6,16.14206272298815,77.27381396103112,batch.ind3,linear_logarr0001,4,3,18,7.968,0.8958108
fold7,18.03386809269162,115.81743757175573,batch.ind3,linear_logarr0001,4,3,18,7.968,0.8958108
fold8,28.6519665087584,101.70695968939253,batch.ind3,linear_logarr0001,4,3,18,7.968,0.8958108
fold9,17.983465710325405,86.011812256058235,batch.ind3,linear_logarr0001,4,3,18,7.968,0.8958108
fold10,24.067989790529836,94.48668505595401,batch.ind3,linear_logarr0001,4,3,18,7.968,0.8958108
fold1,31.902690987502197,103.69241730152058,batch.ind4,linear_logarr0001,4,4,19,7.968,0.8958108
fold2,21.665147612443036,97.85680150730973,batch.ind4,linear_logarr0001,4,4,19,7.968,0.8958108
fold3,21.930891089108908,102.69417610344196,batch.ind4,linear_logarr0001,4,4,19,7.968,0.8958108
fold4,38.28455436818332,97.32399921366344,batch.ind4,linear_logarr0001,4,4,19,7.968,0.8958108
fold5,22.01809760605527,96.54832401820688,batch.ind4,linear_logarr0001,4,4,19,7.968,0.8958108
fold6,17.896502773131438,79.483511161671,batch.ind4,linear_logarr0001,4,4,19,7.968,0.8958108
fold7,35.948306595365416,133.68887815221913,batch.ind4,linear_logarr0001,4,4,19,7.968,0.8958108
fold8,15.862834195180987,114.23031952110354,batch.ind4,linear_logarr0001,4,4,19,7.968,0.8958108
fold9,17.974153297682708,89.62058561213048,batch.ind4,linear_logarr0001,4,4,19,7.968,0.8958108
fold10,36.322660586835845,84.34452139448011,batch.ind4,linear_logarr0001,4,4,19,7.968,0.8958108
fold1,27.649341496718495,112.92311602343663,batch.ind5,linear_logarr0001,4,5,20,7.968,0.8958108
fold2,27.96089108910891,111.85184621952955,batch.ind5,linear_logarr0001,4,5,20,7.968,0.8958108
fold3,54.22103386809269,114.51066041499668,batch.ind5,linear_logarr0001,4,5,20,7.968,0.8958108
fold4,28.00377379249642,107.02999121396603,batch.ind5,linear_logarr0001,4,5,20,7.968,0.8958108
fold5,22.26124270133304,96.6699954009717,batch.ind5,linear_logarr0001,4,5,20,7.968,0.8958108
fold6,13.954706594737422,63.55735780067056,batch.ind5,linear_logarr0001,4,5,20,7.968,0.8958108
fold7,16.006677520846626,92.99236115776372,batch.ind5,linear_logarr0001,4,5,20,7.968,0.8958108
fold8,39.96030890409452,117.60475394288146,batch.ind5,linear_logarr0001,4,5,20,7.968,0.8958108
fold9,39.590909090909086,109.65630944058292,batch.ind5,linear_logarr0001,4,5,20,7.968,0.8958108
fold10,11.885763995947674,98.21589029157062,batch.ind5,linear_logarr0001,4,5,20,7.968,0.8958108
fold1,26.141503411842393,115.0172930261191,batch.ind1,linear_logarr0001,5,1,21,5.5,0.9269736
fold2,39.82563899346146,86.59086150757825,batch.ind1,linear_logarr0001,5,1,21,5.5,0.9269736
fold3,28.027826718935824,105.69258800431714,batch.ind1,linear_logarr0001,5,1,21,5.5,0.9269736
fold4,24.049675431840686,109.63833855623028,batch.ind1,linear_logarr0001,5,1,21,5.5,0.9269736
fold5,37.475926292847234,106.91038773516624,batch.ind1,linear_logarr0001,5,1,21,5.5,0.9269736
fold6,22.053367818622057,133.37178519110793,batch.ind1,linear_logarr0001,5,1,21,5.5,0.9269736
fold7,34.111022997620935,90.99671311351278,batch.ind1,linear_logarr0001,5,1,21,5.5,0.9269736
fold8,25.851392711659145,98.8362573673182,batch.ind1,linear_logarr0001,5,1,21,5.5,0.9269736
fold9,35.82887700534759,90.97134163229101,batch.ind1,linear_logarr0001,5,1,21,5.5,0.9269736
fold10,19.90186586868509,90.99603491157347,batch.ind1,linear_logarr0001,5,1,21,5.5,0.9269736
fold1,25.795583276397856,107.74870825447712,batch.ind2,linear_logarr0001,5,2,22,5.5,0.9269736
fold2,26.528547836617854,95.5540030216432,batch.ind2,linear_logarr0001,5,2,22,5.5,0.9269736
fold3,33.87170596393897,118.10289154636357,batch.ind2,linear_logarr0001,5,2,22,5.5,0.9269736
fold4,42.26108482781384,112.51821921617913,batch.ind2,linear_logarr0001,5,2,22,5.5,0.9269736
fold5,38.21410496204203,107.25444349884317,batch.ind2,linear_logarr0001,5,2,22,5.5,0.9269736
fold6,44.08763975702087,129.39236949126987,batch.ind2,linear_logarr0001,5,2,22,5.5,0.9269736
fold7,13.976821192052979,94.11187732602075,batch.ind2,linear_logarr0001,5,2,22,5.5,0.9269736
fold8,31.71868122193855,110.11918680480774,batch.ind2,linear_logarr0001,5,2,22,5.5,0.9269736
fold9,45.70717684377478,110.20867047599197,batch.ind2,linear_logarr0001,5,2,22,5.5,0.9269736
fold10,23.95679392672461,84.40582937201206,batch.ind2,linear_logarr0001,5,2,22,5.5,0.9269736
fold1,53.72314549856923,129.34584542593453,batch.ind3,linear_logarr0001,5,3,23,5.5,0.9269736
fold2,32.22963068932125,108.6572600799771,batch.ind3,linear_logarr0001,5,3,23,5.5,0.9269736
fold3,31.721121458292053,99.5505224198489,batch.ind3,linear_logarr0001,5,3,23,5.5,0.9269736
fold4,18.11548111629545,112.65332756791466,batch.ind3,linear_logarr0001,5,3,23,5.5,0.9269736
fold5,37.7746185852982,105.58068570224285,batch.ind3,linear_logarr0001,5,3,23,5.5,0.9269736
fold6,15.910342777887854,97.1167151974723,batch.ind3,linear_logarr0001,5,3,23,5.5,0.9269736
fold7,21.88686324128067,92.06436220600166,batch.ind3,linear_logarr0001,5,3,23,5.5,0.9269736
fold8,13.88486842105263,109.09722463689802,batch.ind3,linear_logarr0001,5,3,23,5.5,0.9269736
fold9,28.001925277239923,100.98837898365782,batch.ind3,linear_logarr0001,5,3,23,5.5,0.9269736
fold10,27.936328021832907,104.45537211625876,batch.ind3,linear_logarr0001,5,3,23,5.5,0.9269736
fold1,25.625674336672905,96.17055035005711,batch.ind4,linear_logarr0001,5,4,24,5.5,0.9269736
fold2,18.164968643415115,99.49751639220005,batch.ind4,linear_logarr0001,5,4,24,5.5,0.9269736
fold3,38.319634602685454,114.31736737838433,batch.ind4,linear_logarr0001,5,4,24,5.5,0.9269736
fold4,16.001100158422812,93.62259081118769,batch.ind4,linear_logarr0001,5,4,24,5.5,0.9269736
fold5,27.98079207920792,120.28005855205643,batch.ind4,linear_logarr0001,5,4,24,5.5,0.9269736
fold6,39.90059582919563,106.28414976070994,batch.ind4,linear_logarr0001,5,4,24,5.5,0.9269736
fold7,41.99016523288817,127.26266493550357,batch.ind4,linear_logarr0001,5,4,24,5.5,0.9269736
fold8,23.862003697508584,90.76357782311939,batch.ind4,linear_logarr0001,5,4,24,5.5,0.9269736
fold9,26.088919966524248,77.11645151600965,batch.ind4,linear_logarr0001,5,4,24,5.5,0.9269736
fold10,25.79640105657055,102.023161837988,batch.ind4,linear_logarr0001,5,4,24,5.5,0.9269736
fold1,33.77214186645532,91.64432893430094,batch.ind5,linear_logarr0001,5,5,25,5.5,0.9269736
fold2,25.968952234206473,94.61945986356247,batch.ind5,linear_logarr0001,5,5,25,5.5,0.9269736
fold3,19.90186586868509,100.21355480117268,batch.ind5,linear_logarr0001,5,5,25,5.5,0.9269736
fold4,41.68551368958535,86.21790480659847,batch.ind5,linear_logarr0001,5,5,25,5.5,0.9269736
fold5,18.003366262568484,105.85926003665658,batch.ind5,linear_logarr0001,5,5,25,5.5,0.9269736
fold6,11.823529411764705,112.30664904876767,batch.ind5,linear_logarr0001,5,5,25,5.5,0.9269736
fold7,19.813255399247076,115.25076518915215,batch.ind5,linear_logarr0001,5,5,25,5.5,0.9269736
fold8,35.84418886198547,106.18979172777941,batch.ind5,linear_logarr0001,5,5,25,5.5,0.9269736
fold9,19.923024433193923,105.03369066112948,batch.ind5,linear_logarr0001,5,5,25,5.5,0.9269736
fold10,29.869229245096097,89.37920142040589,batch.ind5,linear_logarr0001,5,5,25,5.5,0.9269736
fold1,7.9342105263157885,72.45801217141182,batch.ind1,listDTR2_mlogarr0001,1,1,1,1904.007,31.64909
fold2,37.97860962566845,114.88407202841313,batch.ind1,listDTR2_mlogarr0001,1,1,1,1904.007,31.64909
fold3,33.39087947882736,110.97220903089446,batch.ind1,listDTR2_mlogarr0001,1,1,1,1904.007,31.64909
fold4,25.885693539869738,106.06358635561385,batch.ind1,listDTR2_mlogarr0001,1,1,1,1904.007,31.64909
fold5,15.763577500770824,92.69169765712245,batch.ind1,listDTR2_mlogarr0001,1,1,1,1904.007,31.64909
fold6,11.864690977195108,81.18835850884707,batch.ind1,listDTR2_mlogarr0001,1,1,1,1904.007,31.64909
fold7,13.93069306930693,107.22691605505518,batch.ind1,listDTR2_mlogarr0001,1,1,1,1904.007,31.64909
fold8,13.822178448807113,98.31672964458616,batch.ind1,listDTR2_mlogarr0001,1,1,1,1904.007,31.64909
fold9,27.570835626995486,96.62991182616351,batch.ind1,listDTR2_mlogarr0001,1,1,1,1904.007,31.64909
fold10,17.98465279000176,111.27968240979062,batch.ind1,listDTR2_mlogarr0001,1,1,1,1904.007,31.64909
fold1,31.6327868852459,104.63610596829031,batch.ind2,listDTR2_mlogarr0001,1,2,2,1904.007,31.64909
fold2,11.907866059044977,103.11678436251596,batch.ind2,listDTR2_mlogarr0001,1,2,2,1904.007,31.64909
fold3,15.834888839973587,116.51764245916614,batch.ind2,listDTR2_mlogarr0001,1,2,2,1904.007,31.64909
fold4,20.013322039119053,80.80801081129091,batch.ind2,listDTR2_mlogarr0001,1,2,2,1904.007,31.64909
fold5,19.923024433193923,84.33042020103586,batch.ind2,listDTR2_mlogarr0001,1,2,2,1904.007,31.64909
fold6,17.82864599392151,94.4795320992142,batch.ind2,listDTR2_mlogarr0001,1,2,2,1904.007,31.64909
fold7,25.767188428769565,111.41676373505882,batch.ind2,listDTR2_mlogarr0001,1,2,2,1904.007,31.64909
fold8,26.264129764944098,108.40026154079489,batch.ind2,listDTR2_mlogarr0001,1,2,2,1904.007,31.64909
fold9,19.614127204279768,100.43606363021276,batch.ind2,listDTR2_mlogarr0001,1,2,2,1904.007,31.64909
fold10,8.000022001716134,72.75974256998205,batch.ind2,listDTR2_mlogarr0001,1,2,2,1904.007,31.64909
fold1,27.14469453376206,84.48378087509987,batch.ind3,listDTR2_mlogarr0001,1,3,3,1904.007,31.64909
fold2,21.467226148409893,72.84200929103692,batch.ind3,listDTR2_mlogarr0001,1,3,3,1904.007,31.64909
fold3,15.921164428791547,97.30525487459326,batch.ind3,listDTR2_mlogarr0001,1,3,3,1904.007,31.64909
fold4,20.183600713012478,98.76982410162746,batch.ind3,listDTR2_mlogarr0001,1,3,3,1904.007,31.64909
fold5,35.50103442204419,103.00390991557408,batch.ind3,listDTR2_mlogarr0001,1,3,3,1904.007,31.64909
fold6,15.96059405940594,96.13227072193871,batch.ind3,listDTR2_mlogarr0001,1,3,3,1904.007,31.64909
fold7,9.978127406755418,98.60822615870482,batch.ind3,listDTR2_mlogarr0001,1,3,3,1904.007,31.64909
fold8,21.676470588235293,95.84531143052703,batch.ind3,listDTR2_mlogarr0001,1,3,3,1904.007,31.64909
fold9,36.02663307738003,113.40641393848023,batch.ind3,listDTR2_mlogarr0001,1,3,3,1904.007,31.64909
fold10,18.00999977998284,93.06422653328356,batch.ind3,listDTR2_mlogarr0001,1,3,3,1904.007,31.64909
fold1,14.058450564691896,111.8484943787128,batch.ind4,listDTR2_mlogarr0001,1,4,4,1904.007,31.64909
fold2,25.980283859610516,112.48957462175886,batch.ind4,listDTR2_mlogarr0001,1,4,4,1904.007,31.64909
fold3,11.808301961561323,67.31056365848906,batch.ind4,listDTR2_mlogarr0001,1,4,4,1904.007,31.64909
fold4,17.854723707664885,87.97669166602611,batch.ind4,listDTR2_mlogarr0001,1,4,4,1904.007,31.64909
fold5,33.213738272475005,98.57064661691129,batch.ind4,listDTR2_mlogarr0001,1,4,4,1904.007,31.64909
fold6,21.535714285714285,96.20920557881544,batch.ind4,listDTR2_mlogarr0001,1,4,4,1904.007,31.64909
fold7,27.869246171448687,97.23723825265745,batch.ind4,listDTR2_mlogarr0001,1,4,4,1904.007,31.64909
fold8,11.862295081967211,77.62599717193177,batch.ind4,listDTR2_mlogarr0001,1,4,4,1904.007,31.64909
fold9,23.910353174166573,120.87719139705169,batch.ind4,listDTR2_mlogarr0001,1,4,4,1904.007,31.64909
fold10,23.862003697508584,122.53314642723308,batch.ind4,listDTR2_mlogarr0001,1,4,4,1904.007,31.64909
fold1,19.750473255558003,112.35099439939867,batch.ind5,listDTR2_mlogarr0001,1,5,5,1904.007,31.64909
fold2,36.27556680607528,126.05044771815383,batch.ind5,listDTR2_mlogarr0001,1,5,5,1904.007,31.64909
fold3,21.795900178253117,98.62824158971037,batch.ind5,listDTR2_mlogarr0001,1,5,5,1904.007,31.64909
fold4,17.886324128066892,89.1800858632058,batch.ind5,listDTR2_mlogarr0001,1,5,5,1904.007,31.64909
fold5,25.368932038834952,97.27094754889256,batch.ind5,listDTR2_mlogarr0001,1,5,5,1904.007,31.64909
fold6,17.839883375508855,106.17366860182321,batch.ind5,listDTR2_mlogarr0001,1,5,5,1904.007,31.64909
fold7,30.15597147950089,100.11632937662652,batch.ind5,listDTR2_mlogarr0001,1,5,5,1904.007,31.64909
fold8,11.759602255208563,97.43500460956366,batch.ind5,listDTR2_mlogarr0001,1,5,5,1904.007,31.64909
fold9,20.188458576301024,98.73437499082199,batch.ind5,listDTR2_mlogarr0001,1,5,5,1904.007,31.64909
fold10,36.20524402335573,111.71441115584462,batch.ind5,listDTR2_mlogarr0001,1,5,5,1904.007,31.64909
fold1,26.264129764944098,100.71286949551802,batch.ind1,listDTR2_mlogarr0001,2,1,6,1990.051,33.09461
fold2,29.97023167807089,115.89424177139205,batch.ind1,listDTR2_mlogarr0001,2,1,6,1990.051,33.09461
fold3,24.01333303997712,100.24369923030588,batch.ind1,listDTR2_mlogarr0001,2,1,6,1990.051,33.09461
fold4,21.984927829607464,118.06333532973306,batch.ind1,listDTR2_mlogarr0001,2,1,6,1990.051,33.09461
fold5,11.735626486915146,78.5713059776228,batch.ind1,listDTR2_mlogarr0001,2,1,6,1990.051,33.09461
fold6,16.019944555675345,123.77758469678089,batch.ind1,listDTR2_mlogarr0001,2,1,6,1990.051,33.09461
fold7,11.783826929428603,95.82631551462092,batch.ind1,listDTR2_mlogarr0001,2,1,6,1990.051,33.09461
fold8,42.81810071371927,86.53975284437402,batch.ind1,listDTR2_mlogarr0001,2,1,6,1990.051,33.09461
fold9,15.787008697566883,106.20590732828731,batch.ind1,listDTR2_mlogarr0001,2,1,6,1990.051,33.09461
fold10,9.956409748365365,86.63878311835889,batch.ind1,listDTR2_mlogarr0001,2,1,6,1990.051,33.09461
fold1,29.885968579475442,127.57603671520074,batch.ind2,listDTR2_mlogarr0001,2,2,7,1990.051,33.09461
fold2,17.67317605075337,88.19525913236617,batch.ind2,listDTR2_mlogarr0001,2,2,7,1990.051,33.09461
fold3,13.951207973948248,105.41522960825866,batch.ind2,listDTR2_mlogarr0001,2,2,7,1990.051,33.09461
fold4,13.932225767411156,99.68340655028315,batch.ind2,listDTR2_mlogarr0001,2,2,7,1990.051,33.09461
fold5,24.023851473373565,112.56610543016821,batch.ind2,listDTR2_mlogarr0001,2,2,7,1990.051,33.09461
fold6,25.4039452815226,113.04689166545894,batch.ind2,listDTR2_mlogarr0001,2,2,7,1990.051,33.09461
fold7,15.748613251155625,79.44371416006122,batch.ind2,listDTR2_mlogarr0001,2,2,7,1990.051,33.09461
fold8,24.040396039603962,89.6252326834326,batch.ind2,listDTR2_mlogarr0001,2,2,7,1990.051,33.09461
fold9,13.704545454545455,71.43277158577337,batch.ind2,listDTR2_mlogarr0001,2,2,7,1990.051,33.09461
fold10,22.003377263426547,115.80910028025306,batch.ind2,listDTR2_mlogarr0001,2,2,7,1990.051,33.09461
fold1,21.819078947368418,88.18952219057942,batch.ind3,listDTR2_mlogarr0001,2,3,8,1990.051,33.09461
fold2,15.943850267379679,80.76562947996696,batch.ind3,listDTR2_mlogarr0001,2,3,8,1990.051,33.09461
fold3,19.92089108910891,84.2681749242686,batch.ind3,listDTR2_mlogarr0001,2,3,8,1990.051,33.09461
fold4,15.412140575079873,77.61452722871333,batch.ind3,listDTR2_mlogarr0001,2,3,8,1990.051,33.09461
fold5,28.216465226867445,110.83134592326992,batch.ind3,listDTR2_mlogarr0001,2,3,8,1990.051,33.09461
fold6,19.705882352941174,90.55493209666417,batch.ind3,listDTR2_mlogarr0001,2,3,8,1990.051,33.09461
fold7,17.9578883628757,109.54617939373169,batch.ind3,listDTR2_mlogarr0001,2,3,8,1990.051,33.09461
fold8,11.896686116921721,86.17981539627361,batch.ind3,listDTR2_mlogarr0001,2,3,8,1990.051,33.09461
fold9,29.65573770491803,114.48210859393409,batch.ind3,listDTR2_mlogarr0001,2,3,8,1990.051,33.09461
fold10,21.95079207920792,115.9239075365442,batch.ind3,listDTR2_mlogarr0001,2,3,8,1990.051,33.09461
fold1,26.274509803921568,118.76925310600875,batch.ind4,listDTR2_mlogarr0001,2,4,9,1990.051,33.09461
fold2,28.033244593078262,133.81521802232402,batch.ind4,listDTR2_mlogarr0001,2,4,9,1990.051,33.09461
fold3,14.071548025085267,113.08429961256957,batch.ind4,listDTR2_mlogarr0001,2,4,9,1990.051,33.09461
fold4,44.00593024535152,123.93800344889675,batch.ind4,listDTR2_mlogarr0001,2,4,9,1990.051,33.09461
fold5,17.766964285714288,104.63058570450767,batch.ind4,listDTR2_mlogarr0001,2,4,9,1990.051,33.09461
fold6,22.16550775662889,118.32022995054835,batch.ind4,listDTR2_mlogarr0001,2,4,9,1990.051,33.09461
fold7,21.832621239483768,98.96668876857403,batch.ind4,listDTR2_mlogarr0001,2,4,9,1990.051,33.09461
fold8,16.003565062388592,94.55831658778874,batch.ind4,listDTR2_mlogarr0001,2,4,9,1990.051,33.09461
fold9,52.02418005723091,92.42065655084136,batch.ind4,listDTR2_mlogarr0001,2,4,9,1990.051,33.09461
fold10,17.750517211022096,102.82388739862537,batch.ind4,listDTR2_mlogarr0001,2,4,9,1990.051,33.09461
fold1,17.974153297682708,106.00753519004516,batch.ind5,listDTR2_mlogarr0001,2,5,10,1990.051,33.09461
fold2,13.950832489098357,77.28114033179632,batch.ind5,listDTR2_mlogarr0001,2,5,10,1990.051,33.09461
fold3,13.951207973948248,81.47441560126752,batch.ind5,listDTR2_mlogarr0001,2,5,10,1990.051,33.09461
fold4,15.717726120965077,90.44470047386054,batch.ind5,listDTR2_mlogarr0001,2,5,10,1990.051,33.09461
fold5,31.42671009771987,85.28877860195706,batch.ind5,listDTR2_mlogarr0001,2,5,10,1990.051,33.09461
fold6,15.810778680404201,88.60956617650349,batch.ind5,listDTR2_mlogarr0001,2,5,10,1990.051,33.09461
fold7,15.99341048601791,112.45946911169132,batch.ind5,listDTR2_mlogarr0001,2,5,10,1990.051,33.09461
fold8,39.671052631578945,113.62050145898627,batch.ind5,listDTR2_mlogarr0001,2,5,10,1990.051,33.09461
fold9,32.35998239049086,101.09036977709236,batch.ind5,listDTR2_mlogarr0001,2,5,10,1990.051,33.09461
fold10,35.586885245901634,115.1478910694449,batch.ind5,listDTR2_mlogarr0001,2,5,10,1990.051,33.09461
fold1,13.85932236972459,100.23718076772384,batch.ind1,listDTR2_mlogarr0001,3,1,11,1845.571,30.66931
fold2,32.18743121285494,98.3013874720275,batch.ind1,listDTR2_mlogarr0001,3,1,11,1845.571,30.66931
fold3,29.55882352941176,99.47626524942626,batch.ind1,listDTR2_mlogarr0001,3,1,11,1845.571,30.66931
fold4,28.3048128342246,125.43017077405288,batch.ind1,listDTR2_mlogarr0001,3,1,11,1845.571,30.66931
fold5,9.89383968659213,96.7220887723834,batch.ind1,listDTR2_mlogarr0001,3,1,11,1845.571,30.66931
fold6,34.38996827914353,107.20483319682074,batch.ind1,listDTR2_mlogarr0001,3,1,11,1845.571,30.66931
fold7,25.534201954397393,108.82116795644409,batch.ind1,listDTR2_mlogarr0001,3,1,11,1845.571,30.66931
fold8,26.50089285714286,107.14431407059743,batch.ind1,listDTR2_mlogarr0001,3,1,11,1845.571,30.66931
fold9,23.910353174166573,82.39231600443074,batch.ind1,listDTR2_mlogarr0001,3,1,11,1845.571,30.66931
fold10,12.020198019801981,107.92498993636531,batch.ind1,listDTR2_mlogarr0001,3,1,11,1845.571,30.66931
fold1,18.160491381018428,114.16268838828766,batch.ind2,listDTR2_mlogarr0001,3,2,12,1845.571,30.66931
fold2,10.024568159313455,108.94360269866117,batch.ind2,listDTR2_mlogarr0001,3,2,12,1845.571,30.66931
fold3,19.835526315789473,87.3021795877826,batch.ind2,listDTR2_mlogarr0001,3,2,12,1845.571,30.66931
fold4,35.9157767257514,144.7433961180724,batch.ind2,listDTR2_mlogarr0001,3,2,12,1845.571,30.66931
fold5,28.167774159478967,96.76248135378312,batch.ind2,listDTR2_mlogarr0001,3,2,12,1845.571,30.66931
fold6,26.07711108664538,92.462523734458,batch.ind2,listDTR2_mlogarr0001,3,2,12,1845.571,30.66931
fold7,33.94370860927152,128.39487604879176,batch.ind2,listDTR2_mlogarr0001,3,2,12,1845.571,30.66931
fold8,17.914438502673796,83.16190531965384,batch.ind2,listDTR2_mlogarr0001,3,2,12,1845.571,30.66931
fold9,23.610725614591594,73.48275707653552,batch.ind2,listDTR2_mlogarr0001,3,2,12,1845.571,30.66931
fold10,29.462540716612377,102.32502391160398,batch.ind2,listDTR2_mlogarr0001,3,2,12,1845.571,30.66931
fold1,16.3597954730787,102.35408759454091,batch.ind3,listDTR2_mlogarr0001,3,3,13,1845.571,30.66931
fold2,17.896502773131438,92.30133601285505,batch.ind3,listDTR2_mlogarr0001,3,3,13,1845.571,30.66931
fold3,24.101159566977643,115.46142632218711,batch.ind3,listDTR2_mlogarr0001,3,3,13,1845.571,30.66931
fold4,16.001100158422812,93.52710907824525,batch.ind3,listDTR2_mlogarr0001,3,3,13,1845.571,30.66931
fold5,23.41747572815534,90.33136402823725,batch.ind3,listDTR2_mlogarr0001,3,3,13,1845.571,30.66931
fold6,13.57234726688103,89.6439637779555,batch.ind3,listDTR2_mlogarr0001,3,3,13,1845.571,30.66931
fold7,42.02333281995996,120.19010946508858,batch.ind3,listDTR2_mlogarr0001,3,3,13,1845.571,30.66931
fold8,20.095575610829847,92.66638730705135,batch.ind3,listDTR2_mlogarr0001,3,3,13,1845.571,30.66931
fold9,25.918863316317548,96.18937300277194,batch.ind3,listDTR2_mlogarr0001,3,3,13,1845.571,30.66931
fold10,15.601011102299761,120.39536921090298,batch.ind3,listDTR2_mlogarr0001,3,3,13,1845.571,30.66931
fold1,20.142017823742986,112.94799711635541,batch.ind4,listDTR2_mlogarr0001,3,4,14,1845.571,30.66931
fold2,17.95148301355395,114.13203798677604,batch.ind4,listDTR2_mlogarr0001,3,4,14,1845.571,30.66931
fold3,21.885418500264038,110.88538662503744,batch.ind4,listDTR2_mlogarr0001,3,4,14,1845.571,30.66931
fold4,23.934996478563253,90.26442365487172,batch.ind4,listDTR2_mlogarr0001,3,4,14,1845.571,30.66931
fold5,31.756053268765132,94.7311143664396,batch.ind4,listDTR2_mlogarr0001,3,4,14,1845.571,30.66931
fold6,26.572656163930812,116.96495703313133,batch.ind4,listDTR2_mlogarr0001,3,4,14,1845.571,30.66931
fold7,25.28709677419355,94.3742730343777,batch.ind4,listDTR2_mlogarr0001,3,4,14,1845.571,30.66931
fold8,25.4039452815226,86.41837741631345,batch.ind4,listDTR2_mlogarr0001,3,4,14,1845.571,30.66931
fold9,19.835526315789473,107.8259753593429,batch.ind4,listDTR2_mlogarr0001,3,4,14,1845.571,30.66931
fold10,1.9514563106796117,81.39630064661179,batch.ind4,listDTR2_mlogarr0001,3,4,14,1845.571,30.66931
fold1,23.64705882352941,110.29359423440835,batch.ind5,listDTR2_mlogarr0001,3,5,15,1845.571,30.66931
fold2,9.984102710790353,88.84027642485651,batch.ind5,listDTR2_mlogarr0001,3,5,15,1845.571,30.66931
fold3,21.58029775800555,100.3615170488735,batch.ind5,listDTR2_mlogarr0001,3,5,15,1845.571,30.66931
fold4,13.853832442067736,102.95762553668098,batch.ind5,listDTR2_mlogarr0001,3,5,15,1845.571,30.66931
fold5,25.534201954397393,99.3834752422931,batch.ind5,listDTR2_mlogarr0001,3,5,15,1845.571,30.66931
fold6,27.818208836932833,89.72740998474707,batch.ind5,listDTR2_mlogarr0001,3,5,15,1845.571,30.66931
fold7,21.880816640986133,108.4713774514213,batch.ind5,listDTR2_mlogarr0001,3,5,15,1845.571,30.66931
fold8,19.96069306930693,93.51509301238131,batch.ind5,listDTR2_mlogarr0001,3,5,15,1845.571,30.66931
fold9,14.107167258060962,87.61471591328478,batch.ind5,listDTR2_mlogarr0001,3,5,15,1845.571,30.66931
fold10,28.019977558249547,139.28701175447333,batch.ind5,listDTR2_mlogarr0001,3,5,15,1845.571,30.66931
fold1,32.04652262876505,106.80616854028371,batch.ind1,listDTR2_mlogarr0001,4,1,16,1914.685,31.84103
fold2,17.974153297682708,87.21368290953988,batch.ind1,listDTR2_mlogarr0001,4,1,16,1914.685,31.84103
fold3,35.84418886198547,108.07570805277972,batch.ind1,listDTR2_mlogarr0001,4,1,16,1914.685,31.84103
fold4,11.901315789473683,79.07998002636404,batch.ind1,listDTR2_mlogarr0001,4,1,16,1914.685,31.84103
fold5,19.64169381107492,103.90609360405493,batch.ind1,listDTR2_mlogarr0001,4,1,16,1914.685,31.84103
fold6,9.938173405310124,116.80983165022772,batch.ind1,listDTR2_mlogarr0001,4,1,16,1914.685,31.84103
fold7,19.677331278212044,103.71536220495403,batch.ind1,listDTR2_mlogarr0001,4,1,16,1914.685,31.84103
fold8,28.13513156446108,109.79660800995428,batch.ind1,listDTR2_mlogarr0001,4,1,16,1914.685,31.84103
fold9,16.00039603960396,104.25280094333868,batch.ind1,listDTR2_mlogarr0001,4,1,16,1914.685,31.84103
fold10,19.78767937318426,82.78112616559466,batch.ind1,listDTR2_mlogarr0001,4,1,16,1914.685,31.84103
fold1,13.97049504950495,102.4251790107142,batch.ind2,listDTR2_mlogarr0001,4,2,17,1914.685,31.84103
fold2,17.792681047765793,99.1223978402136,batch.ind2,listDTR2_mlogarr0001,4,2,17,1914.685,31.84103
fold3,27.667917675544796,95.59208051197749,batch.ind2,listDTR2_mlogarr0001,4,2,17,1914.685,31.84103
fold4,19.90304965319828,104.11021713736946,batch.ind2,listDTR2_mlogarr0001,4,2,17,1914.685,31.84103
fold5,13.749185667752442,102.1206750095312,batch.ind2,listDTR2_mlogarr0001,4,2,17,1914.685,31.84103
fold6,21.880816640986133,89.518348105102,batch.ind2,listDTR2_mlogarr0001,4,2,17,1914.685,31.84103
fold7,17.93079207920792,97.26443409844065,batch.ind2,listDTR2_mlogarr0001,4,2,17,1914.685,31.84103
fold8,11.919304424389171,102.11197668096007,batch.ind2,listDTR2_mlogarr0001,4,2,17,1914.685,31.84103
fold9,19.868313754876247,91.4488671609105,batch.ind2,listDTR2_mlogarr0001,4,2,17,1914.685,31.84103
fold10,24.06029702970297,109.16748734421695,batch.ind2,listDTR2_mlogarr0001,4,2,17,1914.685,31.84103
fold1,23.94089108910891,122.92595035273547,batch.ind3,listDTR2_mlogarr0001,4,3,18,1914.685,31.84103
fold2,23.64705882352941,106.36230892083047,batch.ind3,listDTR2_mlogarr0001,4,3,18,1914.685,31.84103
fold3,27.836076395000877,103.98830714579778,batch.ind3,listDTR2_mlogarr0001,4,3,18,1914.685,31.84103
fold4,42.32149460708783,122.94843306555971,batch.ind3,listDTR2_mlogarr0001,4,3,18,1914.685,31.84103
fold5,24.168616177636796,87.11422683669133,batch.ind3,listDTR2_mlogarr0001,4,3,18,1914.685,31.84103
fold6,13.950832489098357,71.52843037596186,batch.ind3,listDTR2_mlogarr0001,4,3,18,1914.685,31.84103
fold7,9.9126559714795,105.11831200030258,batch.ind3,listDTR2_mlogarr0001,4,3,18,1914.685,31.84103
fold8,8.01165583342514,82.5440914249726,batch.ind3,listDTR2_mlogarr0001,4,3,18,1914.685,31.84103
fold9,9.99007722602363,97.75447295566671,batch.ind3,listDTR2_mlogarr0001,4,3,18,1914.685,31.84103
fold10,19.968205421580706,108.42055211597287,batch.ind3,listDTR2_mlogarr0001,4,3,18,1914.685,31.84103
fold1,29.819629026579825,105.97965615056782,batch.ind4,listDTR2_mlogarr0001,4,4,19,1914.685,31.84103
fold2,29.570536952645135,109.78404883214824,batch.ind4,listDTR2_mlogarr0001,4,4,19,1914.685,31.84103
fold3,17.95069306930693,117.70221969219507,batch.ind4,listDTR2_mlogarr0001,4,4,19,1914.685,31.84103
fold4,26.114277845103008,62.723945509319194,batch.ind4,listDTR2_mlogarr0001,4,4,19,1914.685,31.84103
fold5,5.950657894736842,78.24416522960826,batch.ind4,listDTR2_mlogarr0001,4,4,19,1914.685,31.84103
fold6,11.931001848754292,90.14141099342659,batch.ind4,listDTR2_mlogarr0001,4,4,19,1914.685,31.84103
fold7,35.88859180035651,135.8520169688185,batch.ind4,listDTR2_mlogarr0001,4,4,19,1914.685,31.84103
fold8,15.81639344262295,105.53464166694718,batch.ind4,listDTR2_mlogarr0001,4,4,19,1914.685,31.84103
fold9,38.157754010695186,96.94331160377784,batch.ind4,listDTR2_mlogarr0001,4,4,19,1914.685,31.84103
fold10,21.259615384615383,83.75793713473385,batch.ind4,listDTR2_mlogarr0001,4,4,19,1914.685,31.84103
fold1,31.02250803858521,96.5923265349241,batch.ind5,listDTR2_mlogarr0001,4,5,20,1914.685,31.84103
fold2,12.00029702970297,114.36615447171,batch.ind5,listDTR2_mlogarr0001,4,5,20,1914.685,31.84103
fold3,23.88591800356506,110.75790639820111,batch.ind5,listDTR2_mlogarr0001,4,5,20,1914.685,31.84103
fold4,26.026724612168554,105.0024007628871,batch.ind5,listDTR2_mlogarr0001,4,5,20,1914.685,31.84103
fold5,12.170276523080313,66.45330230817834,batch.ind5,listDTR2_mlogarr0001,4,5,20,1914.685,31.84103
fold6,9.95152482659914,71.65013902135925,batch.ind5,listDTR2_mlogarr0001,4,5,20,1914.685,31.84103
fold7,30.049833887043192,89.85195140087457,batch.ind5,listDTR2_mlogarr0001,4,5,20,1914.685,31.84103
fold8,27.960275901520316,107.05038731830116,batch.ind5,listDTR2_mlogarr0001,4,5,20,1914.685,31.84103
fold9,31.648841354723707,112.52654336577515,batch.ind5,listDTR2_mlogarr0001,4,5,20,1914.685,31.84103
fold10,20.146037968550413,104.5702170904152,batch.ind5,listDTR2_mlogarr0001,4,5,20,1914.685,31.84103
fold1,26.227779000660355,121.61602872121787,batch.ind1,listDTR2_mlogarr0001,5,1,21,644.212,10.63713
fold2,32.41807014067763,105.3983218932995,batch.ind1,listDTR2_mlogarr0001,5,1,21,644.212,10.63713
fold3,24.150013214112672,87.69438561204721,batch.ind1,listDTR2_mlogarr0001,5,1,21,644.212,10.63713
fold4,15.909274947739025,107.41539451416213,batch.ind1,listDTR2_mlogarr0001,5,1,21,644.212,10.63713
fold5,35.52446998216762,91.47837514224605,batch.ind1,listDTR2_mlogarr0001,5,1,21,644.212,10.63713
fold6,16.00744001760951,117.04944131843516,batch.ind1,listDTR2_mlogarr0001,5,1,21,644.212,10.63713
fold7,17.67317605075337,94.92147622482726,batch.ind1,listDTR2_mlogarr0001,5,1,21,644.212,10.63713
fold8,19.677331278212044,107.64737138970042,batch.ind1,listDTR2_mlogarr0001,5,1,21,644.212,10.63713
fold9,19.825311942959,79.37694373375011,batch.ind1,listDTR2_mlogarr0001,5,1,21,644.212,10.63713
fold10,25.78618421052631,106.27823408624229,batch.ind1,listDTR2_mlogarr0001,5,1,21,644.212,10.63713
fold1,19.5360677054636,106.5518765717031,batch.ind2,listDTR2_mlogarr0001,5,2,22,644.212,10.63713
fold2,24.470527358802155,110.30288168365615,batch.ind2,listDTR2_mlogarr0001,5,2,22,644.212,10.63713
fold3,20.012383594214384,113.85324235553354,batch.ind2,listDTR2_mlogarr0001,5,2,22,644.212,10.63713
fold4,10.024568159313455,69.61046950044314,batch.ind2,listDTR2_mlogarr0001,5,2,22,644.212,10.63713
fold5,22.16550775662889,94.64204875220922,batch.ind2,listDTR2_mlogarr0001,5,2,22,644.212,10.63713
fold6,33.82883616515538,126.72535107260107,batch.ind2,listDTR2_mlogarr0001,5,2,22,644.212,10.63713
fold7,11.980132450331125,87.26029381010403,batch.ind2,listDTR2_mlogarr0001,5,2,22,644.212,10.63713
fold8,26.118144202834756,97.42559184270387,batch.ind2,listDTR2_mlogarr0001,5,2,22,644.212,10.63713
fold9,21.538560666137986,82.37120241260887,batch.ind2,listDTR2_mlogarr0001,5,2,22,644.212,10.63713
fold10,13.885785014853118,104.58680893008065,batch.ind2,listDTR2_mlogarr0001,5,2,22,644.212,10.63713
fold1,31.669777679947174,93.83180957141907,batch.ind3,listDTR2_mlogarr0001,5,3,23,644.212,10.63713
fold2,32.0836451272119,105.20385810634558,batch.ind3,listDTR2_mlogarr0001,5,3,23,644.212,10.63713
fold3,21.76471170992669,107.91788644645874,batch.ind3,listDTR2_mlogarr0001,5,3,23,644.212,10.63713
fold4,15.713355048859935,101.31403460661231,batch.ind3,listDTR2_mlogarr0001,5,3,23,644.212,10.63713
fold5,40.32345948087973,94.50572340736298,batch.ind3,listDTR2_mlogarr0001,5,3,23,644.212,10.63713
fold6,9.856845650881713,100.94008557750166,batch.ind3,listDTR2_mlogarr0001,5,3,23,644.212,10.63713
fold7,24.049675431840686,108.84404593137045,batch.ind3,listDTR2_mlogarr0001,5,3,23,644.212,10.63713
fold8,17.851973684210524,114.58716092078244,batch.ind3,listDTR2_mlogarr0001,5,3,23,644.212,10.63713
fold9,26.018372645660975,102.25485145014885,batch.ind3,listDTR2_mlogarr0001,5,3,23,644.212,10.63713
fold10,29.60852627872172,97.93470184295151,batch.ind3,listDTR2_mlogarr0001,5,3,23,644.212,10.63713
fold1,21.84821094352086,95.31264421812891,batch.ind4,listDTR2_mlogarr0001,5,4,24,644.212,10.63713
fold2,34.12068434371218,110.53345942689032,batch.ind4,listDTR2_mlogarr0001,5,4,24,644.212,10.63713
fold3,25.79640105657055,104.38558578511245,batch.ind4,listDTR2_mlogarr0001,5,4,24,644.212,10.63713
fold4,15.934760605527195,125.54405757221647,batch.ind4,listDTR2_mlogarr0001,5,4,24,644.212,10.63713
fold5,30.050495049504953,98.18998678512615,batch.ind4,listDTR2_mlogarr0001,5,4,24,644.212,10.63713
fold6,23.85253227408143,67.95380345793001,batch.ind4,listDTR2_mlogarr0001,5,4,24,644.212,10.63713
fold7,21.976843193769113,135.71962323122804,batch.ind4,listDTR2_mlogarr0001,5,4,24,644.212,10.63713
fold8,21.75184875429175,80.74365061273542,batch.ind4,listDTR2_mlogarr0001,5,4,24,644.212,10.63713
fold9,17.95480773466062,78.59139720564478,batch.ind4,listDTR2_mlogarr0001,5,4,24,644.212,10.63713
fold10,23.66605767114242,126.30686242028601,batch.ind4,listDTR2_mlogarr0001,5,4,24,644.212,10.63713
fold1,16.009906875371506,84.76662371653073,batch.ind5,listDTR2_mlogarr0001,5,5,25,644.212,10.63713
fold2,18.05150781421968,92.12421339145315,batch.ind5,listDTR2_mlogarr0001,5,5,25,644.212,10.63713
fold3,11.934485565921491,115.67089766059783,batch.ind5,listDTR2_mlogarr0001,5,5,25,644.212,10.63713
fold4,35.355048859934854,85.68139810077419,batch.ind5,listDTR2_mlogarr0001,5,5,25,644.212,10.63713
fold5,14.003355261710414,123.70010739277089,batch.ind5,listDTR2_mlogarr0001,5,5,25,644.212,10.63713
fold6,15.884135472370765,104.1885432413274,batch.ind5,listDTR2_mlogarr0001,5,5,25,644.212,10.63713
fold7,15.711214582920547,94.89427553481869,batch.ind5,listDTR2_mlogarr0001,5,5,25,644.212,10.63713
fold8,21.880816640986133,90.65164585179897,batch.ind5,listDTR2_mlogarr0001,5,5,25,644.212,10.63713
fold9,24.183711204050187,95.29854454875858,batch.ind5,listDTR2_mlogarr0001,5,5,25,644.212,10.63713
fold10,21.665147612443036,92.29854887669866,batch.ind5,listDTR2_mlogarr0001,5,5,25,644.212,10.63713
fold1,7.9342105263157885,72.45801217141182,batch.ind1,listDTR3_mlogarr0001,1,1,1,767.4,12.68233
fold2,37.97860962566845,114.88407202841313,batch.ind1,listDTR3_mlogarr0001,1,1,1,767.4,12.68233
fold3,33.39087947882736,107.35846002581785,batch.ind1,listDTR3_mlogarr0001,1,1,1,767.4,12.68233
fold4,25.885693539869738,106.06358635561385,batch.ind1,listDTR3_mlogarr0001,1,1,1,767.4,12.68233
fold5,15.763577500770824,92.67204553107483,batch.ind1,listDTR3_mlogarr0001,1,1,1,767.4,12.68233
fold6,16.02331166685028,87.42627590233592,batch.ind1,listDTR3_mlogarr0001,1,1,1,767.4,12.68233
fold7,13.93069306930693,107.22691605505518,batch.ind1,listDTR3_mlogarr0001,1,1,1,767.4,12.68233
fold8,19.64169381107492,105.30959340240386,batch.ind1,listDTR3_mlogarr0001,1,1,1,767.4,12.68233
fold9,36.02863591324452,103.33873777784208,batch.ind1,listDTR3_mlogarr0001,1,1,1,767.4,12.68233
fold10,17.98465279000176,111.27968240979062,batch.ind1,listDTR3_mlogarr0001,1,1,1,767.4,12.68233
fold1,31.6327868852459,104.63610596829031,batch.ind2,listDTR3_mlogarr0001,1,2,2,767.4,12.68233
fold2,11.907866059044977,103.11678436251596,batch.ind2,listDTR3_mlogarr0001,1,2,2,767.4,12.68233
fold3,15.834888839973587,116.51764245916614,batch.ind2,listDTR3_mlogarr0001,1,2,2,767.4,12.68233
fold4,20.013322039119053,80.80801081129091,batch.ind2,listDTR3_mlogarr0001,1,2,2,767.4,12.68233
fold5,19.923024433193923,84.33042020103586,batch.ind2,listDTR3_mlogarr0001,1,2,2,767.4,12.68233
fold6,17.82864599392151,94.4795320992142,batch.ind2,listDTR3_mlogarr0001,1,2,2,767.4,12.68233
fold7,25.767188428769565,111.41676373505882,batch.ind2,listDTR3_mlogarr0001,1,2,2,767.4,12.68233
fold8,26.264129764944098,108.40026154079489,batch.ind2,listDTR3_mlogarr0001,1,2,2,767.4,12.68233
fold9,21.565583514959382,107.60075332938143,batch.ind2,listDTR3_mlogarr0001,1,2,2,767.4,12.68233
fold10,8.000022001716134,72.75974256998205,batch.ind2,listDTR3_mlogarr0001,1,2,2,767.4,12.68233
fold1,27.14469453376206,84.48378087509987,batch.ind3,listDTR3_mlogarr0001,1,3,3,767.4,12.68233
fold2,21.467226148409893,72.84200929103692,batch.ind3,listDTR3_mlogarr0001,1,3,3,767.4,12.68233
fold3,24.011160026414263,104.35391551684316,batch.ind3,listDTR3_mlogarr0001,1,3,3,767.4,12.68233
fold4,20.183600713012478,98.76982410162746,batch.ind3,listDTR3_mlogarr0001,1,3,3,767.4,12.68233
fold5,35.50103442204419,103.00390991557408,batch.ind3,listDTR3_mlogarr0001,1,3,3,767.4,12.68233
fold6,15.96059405940594,96.13227072193871,batch.ind3,listDTR3_mlogarr0001,1,3,3,767.4,12.68233
fold7,9.978127406755418,98.60822615870482,batch.ind3,listDTR3_mlogarr0001,1,3,3,767.4,12.68233
fold8,21.676470588235293,95.84531143052703,batch.ind3,listDTR3_mlogarr0001,1,3,3,767.4,12.68233
fold9,36.0332665947944,102.0683750991715,batch.ind3,listDTR3_mlogarr0001,1,3,3,767.4,12.68233
fold10,18.00999977998284,93.06422653328356,batch.ind3,listDTR3_mlogarr0001,1,3,3,767.4,12.68233
fold1,14.058450564691896,111.8484943787128,batch.ind4,listDTR3_mlogarr0001,1,4,4,767.4,12.68233
fold2,20.188458576301024,99.94912739478166,batch.ind4,listDTR3_mlogarr0001,1,4,4,767.4,12.68233
fold3,11.808301961561323,67.31056365848906,batch.ind4,listDTR3_mlogarr0001,1,4,4,767.4,12.68233
fold4,17.854723707664885,87.97669166602611,batch.ind4,listDTR3_mlogarr0001,1,4,4,767.4,12.68233
fold5,33.213738272475005,98.44077169694441,batch.ind4,listDTR3_mlogarr0001,1,4,4,767.4,12.68233
fold6,21.535714285714285,96.20920557881544,batch.ind4,listDTR3_mlogarr0001,1,4,4,767.4,12.68233
fold7,27.869246171448687,97.23723825265745,batch.ind4,listDTR3_mlogarr0001,1,4,4,767.4,12.68233
fold8,11.862295081967211,77.62599717193177,batch.ind4,listDTR3_mlogarr0001,1,4,4,767.4,12.68233
fold9,23.910353174166573,120.87719139705169,batch.ind4,listDTR3_mlogarr0001,1,4,4,767.4,12.68233
fold10,23.862003697508584,122.53314642723308,batch.ind4,listDTR3_mlogarr0001,1,4,4,767.4,12.68233
fold1,19.750473255558003,112.35099439939867,batch.ind5,listDTR3_mlogarr0001,1,5,5,767.4,12.68233
fold2,36.27556680607528,126.05044771815383,batch.ind5,listDTR3_mlogarr0001,1,5,5,767.4,12.68233
fold3,21.795900178253117,98.62824158971037,batch.ind5,listDTR3_mlogarr0001,1,5,5,767.4,12.68233
fold4,17.886324128066892,89.1800858632058,batch.ind5,listDTR3_mlogarr0001,1,5,5,767.4,12.68233
fold5,29.47097285516148,105.26191703530957,batch.ind5,listDTR3_mlogarr0001,1,5,5,767.4,12.68233
fold6,17.839883375508855,106.17366860182321,batch.ind5,listDTR3_mlogarr0001,1,5,5,767.4,12.68233
fold7,31.76827094474153,92.96837440719551,batch.ind5,listDTR3_mlogarr0001,1,5,5,767.4,12.68233
fold8,11.759602255208563,97.43500460956366,batch.ind5,listDTR3_mlogarr0001,1,5,5,767.4,12.68233
fold9,20.188458576301024,98.73437499082199,batch.ind5,listDTR3_mlogarr0001,1,5,5,767.4,12.68233
fold10,35.59407293158532,101.29391039337415,batch.ind5,listDTR3_mlogarr0001,1,5,5,767.4,12.68233
fold1,36.08497667048156,108.61053307285307,batch.ind1,listDTR3_mlogarr0001,2,1,6,805.419,13.32405
fold2,29.97023167807089,115.89424177139205,batch.ind1,listDTR3_mlogarr0001,2,1,6,805.419,13.32405
fold3,24.01333303997712,100.24369923030588,batch.ind1,listDTR3_mlogarr0001,2,1,6,805.419,13.32405
fold4,21.984927829607464,118.06333532973306,batch.ind1,listDTR3_mlogarr0001,2,1,6,805.419,13.32405
fold5,20.02428628072958,83.64687179921414,batch.ind1,listDTR3_mlogarr0001,2,1,6,805.419,13.32405
fold6,16.019944555675345,123.77758469678089,batch.ind1,listDTR3_mlogarr0001,2,1,6,805.419,13.32405
fold7,11.783826929428603,95.82631551462092,batch.ind1,listDTR3_mlogarr0001,2,1,6,805.419,13.32405
fold8,40.04857256145916,79.96944180737233,batch.ind1,listDTR3_mlogarr0001,2,1,6,805.419,13.32405
fold9,23.906231421336564,106.01696804351202,batch.ind1,listDTR3_mlogarr0001,2,1,6,805.419,13.32405
fold10,9.757281553398059,63.1572483541771,batch.ind1,listDTR3_mlogarr0001,2,1,6,805.419,13.32405
fold1,29.885968579475442,127.57603671520074,batch.ind2,listDTR3_mlogarr0001,2,2,7,805.419,13.32405
fold2,17.67317605075337,88.19525913236617,batch.ind2,listDTR3_mlogarr0001,2,2,7,805.419,13.32405
fold3,13.951207973948248,105.41522960825866,batch.ind2,listDTR3_mlogarr0001,2,2,7,805.419,13.32405
fold4,13.932225767411156,99.68340655028315,batch.ind2,listDTR3_mlogarr0001,2,2,7,805.419,13.32405
fold5,24.023851473373565,112.56610543016821,batch.ind2,listDTR3_mlogarr0001,2,2,7,805.419,13.32405
fold6,25.4039452815226,113.04689166545894,batch.ind2,listDTR3_mlogarr0001,2,2,7,805.419,13.32405
fold7,15.748613251155625,79.44371416006122,batch.ind2,listDTR3_mlogarr0001,2,2,7,805.419,13.32405
fold8,22.110000000000003,77.59915018195865,batch.ind2,listDTR3_mlogarr0001,2,2,7,805.419,13.32405
fold9,21.79454105216817,97.3246785789994,batch.ind2,listDTR3_mlogarr0001,2,2,7,805.419,13.32405
fold10,22.003377263426547,115.80910028025306,batch.ind2,listDTR3_mlogarr0001,2,2,7,805.419,13.32405
fold1,21.819078947368418,88.18952219057942,batch.ind3,listDTR3_mlogarr0001,2,3,8,805.419,13.32405
fold2,34.4554367201426,88.53582814495968,batch.ind3,listDTR3_mlogarr0001,2,3,8,805.419,13.32405
fold3,19.92089108910891,84.2681749242686,batch.ind3,listDTR3_mlogarr0001,2,3,8,805.419,13.32405
fold4,26.725448936873413,109.85057849803833,batch.ind3,listDTR3_mlogarr0001,2,3,8,805.419,13.32405
fold5,28.216465226867445,110.83134592326992,batch.ind3,listDTR3_mlogarr0001,2,3,8,805.419,13.32405
fold6,19.705882352941174,90.55493209666417,batch.ind3,listDTR3_mlogarr0001,2,3,8,805.419,13.32405
fold7,17.9578883628757,109.54617939373169,batch.ind3,listDTR3_mlogarr0001,2,3,8,805.419,13.32405
fold8,11.896686116921721,86.17981539627361,batch.ind3,listDTR3_mlogarr0001,2,3,8,805.419,13.32405
fold9,29.65573770491803,114.48210859393409,batch.ind3,listDTR3_mlogarr0001,2,3,8,805.419,13.32405
fold10,21.95079207920792,115.9239075365442,batch.ind3,listDTR3_mlogarr0001,2,3,8,805.419,13.32405
fold1,26.274509803921568,118.76925310600875,batch.ind4,listDTR3_mlogarr0001,2,4,9,805.419,13.32405
fold2,20.033222591362126,117.7418375553211,batch.ind4,listDTR3_mlogarr0001,2,4,9,805.419,13.32405
fold3,14.071548025085267,117.82989334536434,batch.ind4,listDTR3_mlogarr0001,2,4,9,805.419,13.32405
fold4,37.79613818901969,113.28915296442231,batch.ind4,listDTR3_mlogarr0001,2,4,9,805.419,13.32405
fold5,28.415178571428573,132.8617140901535,batch.ind4,listDTR3_mlogarr0001,2,4,9,805.419,13.32405
fold6,22.21194850918693,98.55513284894552,batch.ind4,listDTR3_mlogarr0001,2,4,9,805.419,13.32405
fold7,21.832621239483768,98.96668876857403,batch.ind4,listDTR3_mlogarr0001,2,4,9,805.419,13.32405
fold8,16.003565062388592,94.55831658778874,batch.ind4,listDTR3_mlogarr0001,2,4,9,805.419,13.32405
fold9,52.02418005723091,92.42065655084136,batch.ind4,listDTR3_mlogarr0001,2,4,9,805.419,13.32405
fold10,17.750517211022096,102.82388739862537,batch.ind4,listDTR3_mlogarr0001,2,4,9,805.419,13.32405
fold1,22.21390374331551,82.24227295298681,batch.ind5,listDTR3_mlogarr0001,2,5,10,805.419,13.32405
fold2,34.601517420605205,96.88025472395483,batch.ind5,listDTR3_mlogarr0001,2,5,10,805.419,13.32405
fold3,13.951207973948248,81.47441560126752,batch.ind5,listDTR3_mlogarr0001,2,5,10,805.419,13.32405
fold4,15.717726120965077,90.44470047386054,batch.ind5,listDTR3_mlogarr0001,2,5,10,805.419,13.32405
fold5,40.232293775860555,91.38122092622825,batch.ind5,listDTR3_mlogarr0001,2,5,10,805.419,13.32405
fold6,15.810778680404201,88.60956617650349,batch.ind5,listDTR3_mlogarr0001,2,5,10,805.419,13.32405
fold7,15.99341048601791,112.45946911169132,batch.ind5,listDTR3_mlogarr0001,2,5,10,805.419,13.32405
fold8,19.835526315789473,104.95612902549549,batch.ind5,listDTR3_mlogarr0001,2,5,10,805.419,13.32405
fold9,32.35998239049086,101.09036977709236,batch.ind5,listDTR3_mlogarr0001,2,5,10,805.419,13.32405
fold10,23.910353174166573,122.3144707041456,batch.ind5,listDTR3_mlogarr0001,2,5,10,805.419,13.32405
fold1,13.85932236972459,100.23718076772384,batch.ind1,listDTR3_mlogarr0001,3,1,11,761.918,12.59893
fold2,32.18743121285494,98.3013874720275,batch.ind1,listDTR3_mlogarr0001,3,1,11,761.918,12.59893
fold3,31.94741532976827,93.27393758822676,batch.ind1,listDTR3_mlogarr0001,3,1,11,761.918,12.59893
fold4,28.3048128342246,125.43017077405288,batch.ind1,listDTR3_mlogarr0001,3,1,11,761.918,12.59893
fold5,9.89383968659213,96.7220887723834,batch.ind1,listDTR3_mlogarr0001,3,1,11,761.918,12.59893
fold6,34.25049563838223,96.36996240068913,batch.ind1,listDTR3_mlogarr0001,3,1,11,761.918,12.59893
fold7,20.225636059512283,98.7317679329799,batch.ind1,listDTR3_mlogarr0001,3,1,11,761.918,12.59893
fold8,26.50089285714286,107.14431407059743,batch.ind1,listDTR3_mlogarr0001,3,1,11,761.918,12.59893
fold9,43.54152271977115,106.71246670219637,batch.ind1,listDTR3_mlogarr0001,3,1,11,761.918,12.59893
fold10,7.98029702970297,114.23124728078557,batch.ind1,listDTR3_mlogarr0001,3,1,11,761.918,12.59893
fold1,18.160491381018428,114.16268838828766,batch.ind2,listDTR3_mlogarr0001,3,2,12,761.918,12.59893
fold2,20.002695566068873,116.63668342015067,batch.ind2,listDTR3_mlogarr0001,3,2,12,761.918,12.59893
fold3,19.835526315789473,87.3021795877826,batch.ind2,listDTR3_mlogarr0001,3,2,12,761.918,12.59893
fold4,48.94105471760431,163.37211890977593,batch.ind2,listDTR3_mlogarr0001,3,2,12,761.918,12.59893
fold5,28.134604383031157,103.36279917531944,batch.ind2,listDTR3_mlogarr0001,3,2,12,761.918,12.59893
fold6,23.906231421336564,94.81338647169238,batch.ind2,listDTR3_mlogarr0001,3,2,12,761.918,12.59893
fold7,18.009999779982838,96.63926108207693,batch.ind2,listDTR3_mlogarr0001,3,2,12,761.918,12.59893
fold8,17.914438502673796,83.16190531965384,batch.ind2,listDTR3_mlogarr0001,3,2,12,761.918,12.59893
fold9,23.610725614591594,73.48275707653552,batch.ind2,listDTR3_mlogarr0001,3,2,12,761.918,12.59893
fold10,29.462540716612377,102.32502391160398,batch.ind2,listDTR3_mlogarr0001,3,2,12,761.918,12.59893
fold1,27.12456747404844,118.69515357779783,batch.ind3,listDTR3_mlogarr0001,3,3,13,761.918,12.59893
fold2,17.896502773131438,92.30133601285505,batch.ind3,listDTR3_mlogarr0001,3,3,13,761.918,12.59893
fold3,24.101159566977643,115.46142632218711,batch.ind3,listDTR3_mlogarr0001,3,3,13,761.918,12.59893
fold4,16.001100158422812,93.52710907824525,batch.ind3,listDTR3_mlogarr0001,3,3,13,761.918,12.59893
fold5,23.41747572815534,90.33136402823725,batch.ind3,listDTR3_mlogarr0001,3,3,13,761.918,12.59893
fold6,13.57234726688103,89.6439637779555,batch.ind3,listDTR3_mlogarr0001,3,3,13,761.918,12.59893
fold7,42.02333281995996,120.19010946508858,batch.ind3,listDTR3_mlogarr0001,3,3,13,761.918,12.59893
fold8,20.095575610829847,92.66638730705135,batch.ind3,listDTR3_mlogarr0001,3,3,13,761.918,12.59893
fold9,25.918863316317548,96.18937300277194,batch.ind3,listDTR3_mlogarr0001,3,3,13,761.918,12.59893
fold10,15.601011102299761,124.01999407269417,batch.ind3,listDTR3_mlogarr0001,3,3,13,761.918,12.59893
fold1,20.142017823742986,112.94799711635541,batch.ind4,listDTR3_mlogarr0001,3,4,14,761.918,12.59893
fold2,40.16859927829608,125.80968822549461,batch.ind4,listDTR3_mlogarr0001,3,4,14,761.918,12.59893
fold3,21.885418500264038,110.88538662503744,batch.ind4,listDTR3_mlogarr0001,3,4,14,761.918,12.59893
fold4,23.934996478563253,90.26442365487172,batch.ind4,listDTR3_mlogarr0001,3,4,14,761.918,12.59893
fold5,31.756053268765132,94.7311143664396,batch.ind4,listDTR3_mlogarr0001,3,4,14,761.918,12.59893
fold6,26.572656163930812,116.96495703313133,batch.ind4,listDTR3_mlogarr0001,3,4,14,761.918,12.59893
fold7,25.28709677419355,94.3742730343777,batch.ind4,listDTR3_mlogarr0001,3,4,14,761.918,12.59893
fold8,25.4039452815226,86.41837741631345,batch.ind4,listDTR3_mlogarr0001,3,4,14,761.918,12.59893
fold9,15.901590829079385,105.25666854137879,batch.ind4,listDTR3_mlogarr0001,3,4,14,761.918,12.59893
fold10,1.9514563106796117,81.39630064661179,batch.ind4,listDTR3_mlogarr0001,3,4,14,761.918,12.59893
fold1,23.64705882352941,110.29359423440835,batch.ind5,listDTR3_mlogarr0001,3,5,15,761.918,12.59893
fold2,9.984102710790353,88.84027642485651,batch.ind5,listDTR3_mlogarr0001,3,5,15,761.918,12.59893
fold3,21.58029775800555,100.3615170488735,batch.ind5,listDTR3_mlogarr0001,3,5,15,761.918,12.59893
fold4,13.853832442067736,102.95762553668098,batch.ind5,listDTR3_mlogarr0001,3,5,15,761.918,12.59893
fold5,36.157969451536225,99.73056679404458,batch.ind5,listDTR3_mlogarr0001,3,5,15,761.918,12.59893
fold6,25.767188428769565,84.31777431771735,batch.ind5,listDTR3_mlogarr0001,3,5,15,761.918,12.59893
fold7,21.880816640986133,108.4713774514213,batch.ind5,listDTR3_mlogarr0001,3,5,15,761.918,12.59893
fold8,26.01059405940594,92.16781913920344,batch.ind5,listDTR3_mlogarr0001,3,5,15,761.918,12.59893
fold9,14.107167258060962,87.61471591328478,batch.ind5,listDTR3_mlogarr0001,3,5,15,761.918,12.59893
fold10,28.019977558249547,139.28701175447333,batch.ind5,listDTR3_mlogarr0001,3,5,15,761.918,12.59893
fold1,32.04652262876505,106.80616854028371,batch.ind1,listDTR3_mlogarr0001,4,1,16,778.45,12.87512
fold2,44.42780748663102,97.4823387882936,batch.ind1,listDTR3_mlogarr0001,4,1,16,778.45,12.87512
fold3,34.57660136473696,117.92648789278448,batch.ind1,listDTR3_mlogarr0001,4,1,16,778.45,12.87512
fold4,11.901315789473683,79.07998002636404,batch.ind1,listDTR3_mlogarr0001,4,1,16,778.45,12.87512
fold5,19.64169381107492,103.90609360405493,batch.ind1,listDTR3_mlogarr0001,4,1,16,778.45,12.87512
fold6,9.938173405310124,116.80983165022772,batch.ind1,listDTR3_mlogarr0001,4,1,16,778.45,12.87512
fold7,19.677331278212044,103.71536220495403,batch.ind1,listDTR3_mlogarr0001,4,1,16,778.45,12.87512
fold8,25.964251899152263,99.73420517739551,batch.ind1,listDTR3_mlogarr0001,4,1,16,778.45,12.87512
fold9,16.00039603960396,104.25280094333868,batch.ind1,listDTR3_mlogarr0001,4,1,16,778.45,12.87512
fold10,19.78767937318426,82.78112616559466,batch.ind1,listDTR3_mlogarr0001,4,1,16,778.45,12.87512
fold1,13.97049504950495,102.4251790107142,batch.ind2,listDTR3_mlogarr0001,4,2,17,778.45,12.87512
fold2,36.53439357252917,121.27207107443769,batch.ind2,listDTR3_mlogarr0001,4,2,17,778.45,12.87512
fold3,27.667917675544796,95.59208051197749,batch.ind2,listDTR3_mlogarr0001,4,2,17,778.45,12.87512
fold4,32.364031707585596,113.71258598265912,batch.ind2,listDTR3_mlogarr0001,4,2,17,778.45,12.87512
fold5,13.895171229861784,95.32611035076438,batch.ind2,listDTR3_mlogarr0001,4,2,17,778.45,12.87512
fold6,21.880816640986133,89.518348105102,batch.ind2,listDTR3_mlogarr0001,4,2,17,778.45,12.87512
fold7,17.93079207920792,97.26443409844065,batch.ind2,listDTR3_mlogarr0001,4,2,17,778.45,12.87512
fold8,11.919304424389171,102.11197668096007,batch.ind2,listDTR3_mlogarr0001,4,2,17,778.45,12.87512
fold9,19.868313754876247,91.4488671609105,batch.ind2,listDTR3_mlogarr0001,4,2,17,778.45,12.87512
fold10,30.110198019801977,111.00546160570882,batch.ind2,listDTR3_mlogarr0001,4,2,17,778.45,12.87512
fold1,23.94089108910891,122.92595035273547,batch.ind3,listDTR3_mlogarr0001,4,3,18,778.45,12.87512
fold2,23.64705882352941,106.36230892083047,batch.ind3,listDTR3_mlogarr0001,4,3,18,778.45,12.87512
fold3,27.836076395000877,103.98830714579778,batch.ind3,listDTR3_mlogarr0001,4,3,18,778.45,12.87512
fold4,38.06080783623157,132.0101271853125,batch.ind3,listDTR3_mlogarr0001,4,3,18,778.45,12.87512
fold5,24.168616177636796,87.11422683669133,batch.ind3,listDTR3_mlogarr0001,4,3,18,778.45,12.87512
fold6,13.950832489098357,71.52843037596186,batch.ind3,listDTR3_mlogarr0001,4,3,18,778.45,12.87512
fold7,9.9126559714795,105.11831200030258,batch.ind3,listDTR3_mlogarr0001,4,3,18,778.45,12.87512
fold8,37.12200066101134,95.76066855800669,batch.ind3,listDTR3_mlogarr0001,4,3,18,778.45,12.87512
fold9,9.99007722602363,97.75447295566671,batch.ind3,listDTR3_mlogarr0001,4,3,18,778.45,12.87512
fold10,19.968205421580706,108.42055211597287,batch.ind3,listDTR3_mlogarr0001,4,3,18,778.45,12.87512
fold1,29.819629026579825,105.97965615056782,batch.ind4,listDTR3_mlogarr0001,4,4,19,778.45,12.87512
fold2,29.570536952645135,109.78404883214824,batch.ind4,listDTR3_mlogarr0001,4,4,19,778.45,12.87512
fold3,17.95069306930693,117.70221969219507,batch.ind4,listDTR3_mlogarr0001,4,4,19,778.45,12.87512
fold4,26.114277845103008,62.723945509319194,batch.ind4,listDTR3_mlogarr0001,4,4,19,778.45,12.87512
fold5,5.950657894736842,78.24416522960826,batch.ind4,listDTR3_mlogarr0001,4,4,19,778.45,12.87512
fold6,32.30262347037591,96.31319112489477,batch.ind4,listDTR3_mlogarr0001,4,4,19,778.45,12.87512
fold7,44.009803921568626,142.76520001317684,batch.ind4,listDTR3_mlogarr0001,4,4,19,778.45,12.87512
fold8,4.000539113213774,93.85367758440772,batch.ind4,listDTR3_mlogarr0001,4,4,19,778.45,12.87512
fold9,32.0668449197861,104.76468270090687,batch.ind4,listDTR3_mlogarr0001,4,4,19,778.45,12.87512
fold10,42.39968279143537,111.92614642073775,batch.ind4,listDTR3_mlogarr0001,4,4,19,778.45,12.87512
fold1,31.02250803858521,96.5923265349241,batch.ind5,listDTR3_mlogarr0001,4,5,20,778.45,12.87512
fold2,25.95089108910891,96.91392603736759,batch.ind5,listDTR3_mlogarr0001,4,5,20,778.45,12.87512
fold3,23.88591800356506,110.75790639820111,batch.ind5,listDTR3_mlogarr0001,4,5,20,778.45,12.87512
fold4,26.026724612168554,105.0024007628871,batch.ind5,listDTR3_mlogarr0001,4,5,20,778.45,12.87512
fold5,12.170276523080313,66.45330230817834,batch.ind5,listDTR3_mlogarr0001,4,5,20,778.45,12.87512
fold6,9.95152482659914,71.65013902135925,batch.ind5,listDTR3_mlogarr0001,4,5,20,778.45,12.87512
fold7,9.99007722602363,90.36100235120186,batch.ind5,listDTR3_mlogarr0001,4,5,20,778.45,12.87512
fold8,27.960275901520316,107.05038731830116,batch.ind5,listDTR3_mlogarr0001,4,5,20,778.45,12.87512
fold9,31.648841354723707,112.52654336577515,batch.ind5,listDTR3_mlogarr0001,4,5,20,778.45,12.87512
fold10,20.146037968550413,104.5702170904152,batch.ind5,listDTR3_mlogarr0001,4,5,20,778.45,12.87512
fold1,26.227779000660355,129.1655084135577,batch.ind1,listDTR3_mlogarr0001,5,1,21,680.946,11.25049
fold2,31.721121458292053,88.08531792932878,batch.ind1,listDTR3_mlogarr0001,5,1,21,680.946,11.25049
fold3,26.088919966524248,98.73771695768616,batch.ind1,listDTR3_mlogarr0001,5,1,21,680.946,11.25049
fold4,12.048058092199362,102.87587111979347,batch.ind1,listDTR3_mlogarr0001,5,1,21,680.946,11.25049
fold5,37.475926292847234,122.0008975181548,batch.ind1,listDTR3_mlogarr0001,5,1,21,680.946,11.25049
fold6,16.00744001760951,117.04944131843516,batch.ind1,listDTR3_mlogarr0001,5,1,21,680.946,11.25049
fold7,26.798671689135602,100.4615417182999,batch.ind1,listDTR3_mlogarr0001,5,1,21,680.946,11.25049
fold8,19.677331278212044,107.64737138970042,batch.ind1,listDTR3_mlogarr0001,5,1,21,680.946,11.25049
fold9,19.825311942959,79.37694373375011,batch.ind1,listDTR3_mlogarr0001,5,1,21,680.946,11.25049
fold10,15.868421052631577,87.40665189668215,batch.ind1,listDTR3_mlogarr0001,5,1,21,680.946,11.25049
fold1,19.5360677054636,106.5518765717031,batch.ind2,listDTR3_mlogarr0001,5,2,22,680.946,11.25049
fold2,30.757447979742373,120.84144059541246,batch.ind2,listDTR3_mlogarr0001,5,2,22,680.946,11.25049
fold3,30.466613829998018,116.33284497387798,batch.ind2,listDTR3_mlogarr0001,5,2,22,680.946,11.25049
fold4,10.024568159313455,69.61046950044314,batch.ind2,listDTR3_mlogarr0001,5,2,22,680.946,11.25049
fold5,32.28295742105842,96.81738500608742,batch.ind2,listDTR3_mlogarr0001,5,2,22,680.946,11.25049
fold6,33.82883616515538,126.72535107260107,batch.ind2,listDTR3_mlogarr0001,5,2,22,680.946,11.25049
fold7,11.980132450331125,87.26029381010403,batch.ind2,listDTR3_mlogarr0001,5,2,22,680.946,11.25049
fold8,17.969495554186107,89.83902984779186,batch.ind2,listDTR3_mlogarr0001,5,2,22,680.946,11.25049
fold9,21.538560666137986,82.37120241260887,batch.ind2,listDTR3_mlogarr0001,5,2,22,680.946,11.25049
fold10,13.885785014853118,104.58680893008065,batch.ind2,listDTR3_mlogarr0001,5,2,22,680.946,11.25049
fold1,31.669777679947174,93.83180957141907,batch.ind3,listDTR3_mlogarr0001,5,3,23,680.946,11.25049
fold2,26.118144202834756,98.13708864674693,batch.ind3,listDTR3_mlogarr0001,5,3,23,680.946,11.25049
fold3,21.76471170992669,111.77816573490503,batch.ind3,listDTR3_mlogarr0001,5,3,23,680.946,11.25049
fold4,9.9668324676468,99.59823416578193,batch.ind3,listDTR3_mlogarr0001,5,3,23,680.946,11.25049
fold5,41.57796710917377,99.89660476937729,batch.ind3,listDTR3_mlogarr0001,5,3,23,680.946,11.25049
fold6,9.856845650881713,100.94008557750166,batch.ind3,listDTR3_mlogarr0001,5,3,23,680.946,11.25049
fold7,21.793981736164593,104.40762128014029,batch.ind3,listDTR3_mlogarr0001,5,3,23,680.946,11.25049
fold8,17.851973684210524,114.58716092078244,batch.ind3,listDTR3_mlogarr0001,5,3,23,680.946,11.25049
fold9,26.018372645660975,102.25485145014885,batch.ind3,listDTR3_mlogarr0001,5,3,23,680.946,11.25049
fold10,29.60852627872172,97.93470184295151,batch.ind3,listDTR3_mlogarr0001,5,3,23,680.946,11.25049
fold1,21.84821094352086,95.31264421812891,batch.ind4,listDTR3_mlogarr0001,5,4,24,680.946,11.25049
fold2,17.886324128066892,96.99551914526279,batch.ind4,listDTR3_mlogarr0001,5,4,24,680.946,11.25049
fold3,21.70826546335021,108.75017756405707,batch.ind4,listDTR3_mlogarr0001,5,4,24,680.946,11.25049
fold4,15.934760605527195,125.54405757221647,batch.ind4,listDTR3_mlogarr0001,5,4,24,680.946,11.25049
fold5,30.050495049504953,98.18998678512615,batch.ind4,listDTR3_mlogarr0001,5,4,24,680.946,11.25049
fold6,23.85253227408143,67.95380345793001,batch.ind4,listDTR3_mlogarr0001,5,4,24,680.946,11.25049
fold7,21.976843193769113,135.71962323122804,batch.ind4,listDTR3_mlogarr0001,5,4,24,680.946,11.25049
fold8,21.75184875429175,72.92488882075797,batch.ind4,listDTR3_mlogarr0001,5,4,24,680.946,11.25049
fold9,17.95480773466062,78.59139720564478,batch.ind4,listDTR3_mlogarr0001,5,4,24,680.946,11.25049
fold10,23.66605767114242,126.30686242028601,batch.ind4,listDTR3_mlogarr0001,5,4,24,680.946,11.25049
fold1,16.009906875371506,84.76662371653073,batch.ind5,listDTR3_mlogarr0001,5,5,25,680.946,11.25049
fold2,18.05150781421968,92.12421339145315,batch.ind5,listDTR3_mlogarr0001,5,5,25,680.946,11.25049
fold3,11.934485565921491,115.67089766059783,batch.ind5,listDTR3_mlogarr0001,5,5,25,680.946,11.25049
fold4,35.355048859934854,85.68139810077419,batch.ind5,listDTR3_mlogarr0001,5,5,25,680.946,11.25049
fold5,14.003355261710414,123.70010739277089,batch.ind5,listDTR3_mlogarr0001,5,5,25,680.946,11.25049
fold6,15.76470588235294,112.4310650898403,batch.ind5,listDTR3_mlogarr0001,5,5,25,680.946,11.25049
fold7,15.711214582920547,94.89427553481869,batch.ind5,listDTR3_mlogarr0001,5,5,25,680.946,11.25049
fold8,21.880816640986133,90.65164585179897,batch.ind5,listDTR3_mlogarr0001,5,5,25,680.946,11.25049
fold9,38.49218578032137,126.3213984011325,batch.ind5,listDTR3_mlogarr0001,5,5,25,680.946,11.25049
fold10,21.665147612443036,92.29854887669866,batch.ind5,listDTR3_mlogarr0001,5,5,25,680.946,11.25049
fold1,9.950932934342545,78.92417970200029,batch.ind1,negBin_postrelapse_num,1,1,1,12.119,6.508303
fold2,45.801247771836,135.00808056406558,batch.ind1,negBin_postrelapse_num,1,1,1,12.119,6.508303
fold3,48.01597851923585,112.0889699670977,batch.ind1,negBin_postrelapse_num,1,1,1,12.119,6.508303
fold4,39.8700712902658,97.1718885712561,batch.ind1,negBin_postrelapse_num,1,1,1,12.119,6.508303
fold5,28.406311941153152,107.24210633136889,batch.ind1,negBin_postrelapse_num,1,1,1,12.119,6.508303
fold6,11.864690977195108,76.94781000968443,batch.ind1,negBin_postrelapse_num,1,1,1,12.119,6.508303
fold7,29.99079207920792,113.47590867505642,batch.ind1,negBin_postrelapse_num,1,1,1,12.119,6.508303
fold8,13.822178448807113,108.2720711200067,batch.ind1,negBin_postrelapse_num,1,1,1,12.119,6.508303
fold9,39.580380931410325,86.77500595127617,batch.ind1,negBin_postrelapse_num,1,1,1,12.119,6.508303
fold10,17.98465279000176,108.54405901800989,batch.ind1,negBin_postrelapse_num,1,1,1,12.119,6.508303
fold1,25.79452084937837,97.65387255348264,batch.ind2,negBin_postrelapse_num,1,2,2,12.119,6.508303
fold2,33.77214186645532,94.9423061822564,batch.ind2,negBin_postrelapse_num,1,2,2,12.119,6.508303
fold3,20.095575610829847,117.97760003543597,batch.ind2,negBin_postrelapse_num,1,2,2,12.119,6.508303
fold4,34.00341026600075,102.13235834859184,batch.ind2,negBin_postrelapse_num,1,2,2,12.119,6.508303
fold5,32.18743121285494,90.84032288318649,batch.ind2,negBin_postrelapse_num,1,2,2,12.119,6.508303
fold6,25.96275822578514,93.29218736616866,batch.ind2,negBin_postrelapse_num,1,2,2,12.119,6.508303
fold7,35.52446998216762,111.0413505247796,batch.ind2,negBin_postrelapse_num,1,2,2,12.119,6.508303
fold8,29.97349018399507,121.50980317012463,batch.ind2,negBin_postrelapse_num,1,2,2,12.119,6.508303
fold9,23.91529621557361,109.17867731211621,batch.ind2,negBin_postrelapse_num,1,2,2,12.119,6.508303
fold10,9.996710743437989,73.46359463676771,batch.ind2,negBin_postrelapse_num,1,2,2,12.119,6.508303
fold1,33.33990001321411,86.31375558377661,batch.ind3,negBin_postrelapse_num,1,3,3,12.119,6.508303
fold2,21.467226148409893,91.52246256013234,batch.ind3,negBin_postrelapse_num,1,3,3,12.119,6.508303
fold3,26.227779000660355,97.04113610261246,batch.ind3,negBin_postrelapse_num,1,3,3,12.119,6.508303
fold4,20.06417112299465,91.56333964112682,batch.ind3,negBin_postrelapse_num,1,3,3,12.119,6.508303
fold5,35.938991108372214,112.62098928149132,batch.ind3,negBin_postrelapse_num,1,3,3,12.119,6.508303
fold6,29.891287128712868,107.37582613292129,batch.ind3,negBin_postrelapse_num,1,3,3,12.119,6.508303
fold7,23.910353174166573,89.55882298321661,batch.ind3,negBin_postrelapse_num,1,3,3,12.119,6.508303
fold8,17.735294117647058,108.1034795350534,batch.ind3,negBin_postrelapse_num,1,3,3,12.119,6.508303
fold9,32.03988911135069,115.53235411088964,batch.ind3,negBin_postrelapse_num,1,3,3,12.119,6.508303
fold10,25.99675474687026,105.47566928700932,batch.ind3,negBin_postrelapse_num,1,3,3,12.119,6.508303
fold1,42.67317218149395,124.45067861079163,batch.ind4,negBin_postrelapse_num,1,4,4,12.119,6.508303
fold2,19.863373308394763,123.7030705483059,batch.ind4,negBin_postrelapse_num,1,4,4,12.119,6.508303
fold3,21.963839904893995,86.45036777494835,batch.ind4,negBin_postrelapse_num,1,4,4,12.119,6.508303
fold4,23.70677361853832,76.7094376547209,batch.ind4,negBin_postrelapse_num,1,4,4,12.119,6.508303
fold5,19.641391005593974,79.05713986726735,batch.ind4,negBin_postrelapse_num,1,4,4,12.119,6.508303
fold6,38.233359013867485,113.37696209752033,batch.ind4,negBin_postrelapse_num,1,4,4,12.119,6.508303
fold7,25.885693539869738,83.02889526564104,batch.ind4,negBin_postrelapse_num,1,4,4,12.119,6.508303
fold8,26.026724612168554,105.05616613985856,batch.ind4,negBin_postrelapse_num,1,4,4,12.119,6.508303
fold9,26.026724612168554,114.93197585455984,batch.ind4,negBin_postrelapse_num,1,4,4,12.119,6.508303
fold10,29.462540716612377,109.62379332492503,batch.ind4,negBin_postrelapse_num,1,4,4,12.119,6.508303
fold1,15.662337662337663,89.94225364653792,batch.ind5,negBin_postrelapse_num,1,5,5,12.119,6.508303
fold2,26.141503411842393,121.4221732466538,batch.ind5,negBin_postrelapse_num,1,5,5,12.119,6.508303
fold3,31.94741532976827,123.70714757186553,batch.ind5,negBin_postrelapse_num,1,5,5,12.119,6.508303
fold4,28.05021454505446,89.65013330417457,batch.ind5,negBin_postrelapse_num,1,5,5,12.119,6.508303
fold5,25.568060233802257,100.83573749668923,batch.ind5,negBin_postrelapse_num,1,5,5,12.119,6.508303
fold6,21.88686324128067,112.15370449149557,batch.ind5,negBin_postrelapse_num,1,5,5,12.119,6.508303
fold7,35.948306595365416,91.95228282340253,batch.ind5,negBin_postrelapse_num,1,5,5,12.119,6.508303
fold8,22.211106461701096,115.12280885184555,batch.ind5,negBin_postrelapse_num,1,5,5,12.119,6.508303
fold9,30.1201452304984,100.54639534261126,batch.ind5,negBin_postrelapse_num,1,5,5,12.119,6.508303
fold10,39.9054863941831,105.58653111334263,batch.ind5,negBin_postrelapse_num,1,5,5,12.119,6.508303
fold1,24.007989259617926,93.43194064245974,batch.ind1,negBin_postrelapse_num,2,1,6,12.283,6.666135
fold2,49.957019647532505,122.96007745688352,batch.ind1,negBin_postrelapse_num,2,1,6,12.283,6.666135
fold3,21.99674374601219,106.43763374118129,batch.ind1,negBin_postrelapse_num,2,1,6,12.283,6.666135
fold4,46.019747843689494,136.90451302605646,batch.ind1,negBin_postrelapse_num,2,1,6,12.283,6.666135
fold5,24.029143536875495,90.14883074122262,batch.ind1,negBin_postrelapse_num,2,1,6,12.283,6.666135
fold6,37.97025367978703,133.96051066931886,batch.ind1,negBin_postrelapse_num,2,1,6,12.283,6.666135
fold7,17.619310800396345,80.483645847863,batch.ind1,negBin_postrelapse_num,2,1,6,12.283,6.666135
fold8,25.822363203806503,81.03394522452928,batch.ind1,negBin_postrelapse_num,2,1,6,12.283,6.666135
fold9,20.015908840691402,102.8337364225562,batch.ind1,negBin_postrelapse_num,2,1,6,12.283,6.666135
fold10,33.77214186645532,83.83970309481022,batch.ind1,negBin_postrelapse_num,2,1,6,12.283,6.666135
fold1,23.902140908290793,103.35814950371334,batch.ind2,negBin_postrelapse_num,2,2,7,12.283,6.666135
fold2,47.91881443298969,107.30809777449207,batch.ind2,negBin_postrelapse_num,2,2,7,12.283,6.666135
fold3,17.98465279000176,95.80973458124582,batch.ind2,negBin_postrelapse_num,2,2,7,12.283,6.666135
fold4,17.839883375508855,93.2426413407185,batch.ind2,negBin_postrelapse_num,2,2,7,12.283,6.666135
fold5,40.292075937100826,129.44370032780225,batch.ind2,negBin_postrelapse_num,2,2,7,12.283,6.666135
fold6,27.197164948453608,118.78432178757123,batch.ind2,negBin_postrelapse_num,2,2,7,12.283,6.666135
fold7,25.623849878934625,85.56659635217392,batch.ind2,negBin_postrelapse_num,2,2,7,12.283,6.666135
fold8,32.10029702970297,93.05752007644296,batch.ind2,negBin_postrelapse_num,2,2,7,12.283,6.666135
fold9,19.57792207792208,85.66004453904081,batch.ind2,negBin_postrelapse_num,2,2,7,12.283,6.666135
fold10,17.996732745154123,101.18715703356689,batch.ind2,negBin_postrelapse_num,2,2,7,12.283,6.666135
fold1,27.902415947896497,96.78994347670664,batch.ind3,negBin_postrelapse_num,2,3,8,12.283,6.666135
fold2,19.885026737967912,74.70602876207418,batch.ind3,negBin_postrelapse_num,2,3,8,12.283,6.666135
fold3,41.91148514851485,105.65565047675199,batch.ind3,negBin_postrelapse_num,2,3,8,12.283,6.666135
fold4,26.267070618045608,93.12313691282364,batch.ind3,negBin_postrelapse_num,2,3,8,12.283,6.666135
fold5,28.216465226867445,125.59234692860419,batch.ind3,negBin_postrelapse_num,2,3,8,12.283,6.666135
fold6,23.64705882352941,110.8185612618515,batch.ind3,negBin_postrelapse_num,2,3,8,12.283,6.666135
fold7,30.08029285478366,130.23872988802106,batch.ind3,negBin_postrelapse_num,2,3,8,12.283,6.666135
fold8,19.903049653198284,100.83292483351686,batch.ind3,negBin_postrelapse_num,2,3,8,12.283,6.666135
fold9,29.79505996259214,120.71100915586524,batch.ind3,negBin_postrelapse_num,2,3,8,12.283,6.666135
fold10,22.01049504950495,103.60561693130299,batch.ind3,negBin_postrelapse_num,2,3,8,12.283,6.666135
fold1,23.88591800356506,120.49816195534277,batch.ind4,negBin_postrelapse_num,2,4,9,12.283,6.666135
fold2,20.01995555653341,102.82122711115615,batch.ind4,negBin_postrelapse_num,2,4,9,12.283,6.666135
fold3,9.931686654197382,90.94342675206147,batch.ind4,negBin_postrelapse_num,2,4,9,12.283,6.666135
fold4,41.79667730223347,124.79005752604351,batch.ind4,negBin_postrelapse_num,2,4,9,12.283,6.666135
fold5,24.227678571428573,112.46428571428571,batch.ind4,negBin_postrelapse_num,2,4,9,12.283,6.666135
fold6,13.885785014853118,86.71655992316909,batch.ind4,negBin_postrelapse_num,2,4,9,12.283,6.666135
fold7,28.027826718935824,92.29272859306964,batch.ind4,negBin_postrelapse_num,2,4,9,12.283,6.666135
fold8,19.885026737967912,103.95769508101915,batch.ind4,negBin_postrelapse_num,2,4,9,12.283,6.666135
fold9,42.235219018269866,93.74541133526273,batch.ind4,negBin_postrelapse_num,2,4,9,12.283,6.666135
fold10,23.862003697508584,84.1257630156225,batch.ind4,negBin_postrelapse_num,2,4,9,12.283,6.666135
fold1,26.214795008912656,92.88172460198066,batch.ind5,negBin_postrelapse_num,2,5,10,12.283,6.666135
fold2,22.211106461701096,79.03343369486578,batch.ind5,negBin_postrelapse_num,2,5,10,12.283,6.666135
fold3,37.91968843513466,96.39306857723446,batch.ind5,negBin_postrelapse_num,2,5,10,12.283,6.666135
fold4,23.576589181447613,98.16299309195637,batch.ind5,negBin_postrelapse_num,2,5,10,12.283,6.666135
fold5,25.607194735452065,87.90661739065513,batch.ind5,negBin_postrelapse_num,2,5,10,12.283,6.666135
fold6,21.864275807410344,90.37426995279282,batch.ind5,negBin_postrelapse_num,2,5,10,12.283,6.666135
fold7,28.013344040835186,121.30737359731718,batch.ind5,negBin_postrelapse_num,2,5,10,12.283,6.666135
fold8,37.72066977644781,108.17128612721463,batch.ind5,negBin_postrelapse_num,2,5,10,12.283,6.666135
fold9,30.315914593880695,100.79407197751262,batch.ind5,negBin_postrelapse_num,2,5,10,12.283,6.666135
fold10,37.70325668390362,135.52960075619987,batch.ind5,negBin_postrelapse_num,2,5,10,12.283,6.666135
fold1,30.16792153754706,107.08871718779815,batch.ind1,negBin_postrelapse_num,3,1,11,12.522,6.552355
fold2,36.18929121725732,95.98729566121764,batch.ind1,negBin_postrelapse_num,3,1,11,12.522,6.552355
fold3,31.76827094474153,82.34821460162685,batch.ind1,negBin_postrelapse_num,3,1,11,12.522,6.552355
fold4,28.12566844919786,117.00682876597841,batch.ind1,negBin_postrelapse_num,3,1,11,12.522,6.552355
fold5,25.972158640725418,123.73845613199097,batch.ind1,negBin_postrelapse_num,3,1,11,12.522,6.552355
fold6,21.538560666137986,77.16896973980104,batch.ind1,negBin_postrelapse_num,3,1,11,12.522,6.552355
fold7,27.571364116559554,103.61501269109172,batch.ind1,negBin_postrelapse_num,3,1,11,12.522,6.552355
fold8,32.60267857142857,112.97168280043023,batch.ind1,negBin_postrelapse_num,3,1,11,12.522,6.552355
fold9,37.74969743646165,83.08347355819465,batch.ind1,negBin_postrelapse_num,3,1,11,12.522,6.552355
fold10,15.98049504950495,115.78676642202208,batch.ind1,negBin_postrelapse_num,3,1,11,12.522,6.552355
fold1,26.36457301367149,118.25292598648677,batch.ind2,negBin_postrelapse_num,3,2,12,12.522,6.552355
fold2,32.190075915942344,112.13234365253663,batch.ind2,negBin_postrelapse_num,3,2,12,12.522,6.552355
fold3,27.968755500792113,105.55521015149384,batch.ind2,negBin_postrelapse_num,3,2,12,12.522,6.552355
fold4,29.741715292304306,104.95792654599235,batch.ind2,negBin_postrelapse_num,3,2,12,12.522,6.552355
fold5,25.885693539869738,106.12112604173933,batch.ind2,negBin_postrelapse_num,3,2,12,12.522,6.552355
fold6,25.964251899152263,106.00598975317972,batch.ind2,negBin_postrelapse_num,3,2,12,12.522,6.552355
fold7,33.98350971375767,93.34927254510657,batch.ind2,negBin_postrelapse_num,3,2,12,12.522,6.552355
fold8,21.676470588235293,98.48404323461698,batch.ind2,negBin_postrelapse_num,3,2,12,12.522,6.552355
fold9,27.75505551149881,87.97541959300251,batch.ind2,negBin_postrelapse_num,3,2,12,12.522,6.552355
fold10,29.60852627872172,88.20638240525338,batch.ind2,negBin_postrelapse_num,3,2,12,12.522,6.552355
fold1,20.53280585370154,107.28060745494872,batch.ind3,negBin_postrelapse_num,3,3,13,12.522,6.552355
fold2,27.79034245972357,90.10658374900326,batch.ind3,negBin_postrelapse_num,3,3,13,12.522,6.552355
fold3,29.85279880302764,91.68562116887337,batch.ind3,negBin_postrelapse_num,3,3,13,12.522,6.552355
fold4,37.98602798803027,109.73897013243828,batch.ind3,negBin_postrelapse_num,3,3,13,12.522,6.552355
fold5,24.014860313057262,88.02131341163087,batch.ind3,negBin_postrelapse_num,3,3,13,12.522,6.552355
fold6,25.584273003567812,95.62624547081992,batch.ind3,negBin_postrelapse_num,3,3,13,12.522,6.552355
fold7,36.0332665947944,112.88412319569551,batch.ind3,negBin_postrelapse_num,3,3,13,12.522,6.552355
fold8,28.185571208452565,93.36856603181734,batch.ind3,negBin_postrelapse_num,3,3,13,12.522,6.552355
fold9,27.869246171448687,107.53079386347444,batch.ind3,negBin_postrelapse_num,3,3,13,12.522,6.552355
fold10,27.894528152260108,131.7433989516485,batch.ind3,negBin_postrelapse_num,3,3,13,12.522,6.552355
fold1,28.189536802728572,111.98007501903942,batch.ind4,negBin_postrelapse_num,3,4,14,12.522,6.552355
fold2,32.10170964618905,121.13905677160838,batch.ind4,negBin_postrelapse_num,3,4,14,12.522,6.552355
fold3,32.002200316845624,106.04197264775738,batch.ind4,negBin_postrelapse_num,3,4,14,12.522,6.552355
fold4,37.83016770842504,109.59779552274988,batch.ind4,negBin_postrelapse_num,3,4,14,12.522,6.552355
fold5,41.45873871890821,105.69109856488828,batch.ind4,negBin_postrelapse_num,3,4,14,12.522,6.552355
fold6,22.41403547427564,87.61697699739328,batch.ind4,negBin_postrelapse_num,3,4,14,12.522,6.552355
fold7,19.677331278212044,91.38374312551304,batch.ind4,negBin_postrelapse_num,3,4,14,12.522,6.552355
fold8,21.538560666137986,87.63224079842763,batch.ind4,negBin_postrelapse_num,3,4,14,12.522,6.552355
fold9,17.851973684210524,109.15174930159142,batch.ind4,negBin_postrelapse_num,3,4,14,12.522,6.552355
fold10,32.21894194571032,95.2125535367952,batch.ind4,negBin_postrelapse_num,3,4,14,12.522,6.552355
fold1,29.857397504456326,115.60015909792453,batch.ind5,negBin_postrelapse_num,3,5,15,12.522,6.552355
fold2,27.968755500792113,111.44694344815221,batch.ind5,negBin_postrelapse_num,3,5,15,12.522,6.552355
fold3,29.462086508390964,106.88227790319075,batch.ind5,negBin_postrelapse_num,3,5,15,12.522,6.552355
fold4,24.005347593582886,107.91840863033036,batch.ind5,negBin_postrelapse_num,3,5,15,12.522,6.552355
fold5,33.82883616515538,96.81181843341982,batch.ind5,negBin_postrelapse_num,3,5,15,12.522,6.552355
fold6,31.92024965325936,96.57954610643523,batch.ind5,negBin_postrelapse_num,3,5,15,12.522,6.552355
fold7,19.836748844375965,121.11143031610786,batch.ind5,negBin_postrelapse_num,3,5,15,12.522,6.552355
fold8,27.9409900990099,92.89182832862342,batch.ind5,negBin_postrelapse_num,3,5,15,12.522,6.552355
fold9,28.380457540828246,105.49241873802505,batch.ind5,negBin_postrelapse_num,3,5,15,12.522,6.552355
fold10,24.006699522562762,113.06566635811556,batch.ind5,negBin_postrelapse_num,3,5,15,12.522,6.552355
fold1,30.049833887043192,107.9419938081659,batch.ind1,negBin_postrelapse_num,4,1,16,12.503,6.608215
fold2,24.005347593582886,105.68840232253687,batch.ind1,negBin_postrelapse_num,4,1,16,12.503,6.608215
fold3,34.05894783182919,97.1159964039719,batch.ind1,negBin_postrelapse_num,4,1,16,12.503,6.608215
fold4,11.901315789473683,89.87006970892925,batch.ind1,negBin_postrelapse_num,4,1,16,12.503,6.608215
fold5,11.78501628664495,88.45180819811443,batch.ind1,negBin_postrelapse_num,4,1,16,12.503,6.608215
fold6,26.114277845103008,106.32225357363501,batch.ind1,negBin_postrelapse_num,4,1,16,12.503,6.608215
fold7,32.13831333259936,110.93636902298017,batch.ind1,negBin_postrelapse_num,4,1,16,12.503,6.608215
fold8,28.022272376967962,124.4051317747056,batch.ind1,negBin_postrelapse_num,4,1,16,12.503,6.608215
fold9,34.05059405940594,108.94785451440421,batch.ind1,negBin_postrelapse_num,4,1,16,12.503,6.608215
fold10,29.82750462188573,95.25142344318782,batch.ind1,negBin_postrelapse_num,4,1,16,12.503,6.608215
fold1,16.00039603960396,97.81468762071279,batch.ind2,negBin_postrelapse_num,4,2,17,12.503,6.608215
fold2,29.798261060972926,98.6906792090727,batch.ind2,negBin_postrelapse_num,4,2,17,12.503,6.608215
fold3,37.974532247413606,109.8310004198982,batch.ind2,negBin_postrelapse_num,4,2,17,12.503,6.608215
fold4,40.14467686887592,130.36327168496962,batch.ind2,negBin_postrelapse_num,4,2,17,12.503,6.608215
fold5,16.005326173078615,98.99585182705263,batch.ind2,negBin_postrelapse_num,4,2,17,12.503,6.608215
fold6,29.97081223860885,97.53312454433812,batch.ind2,negBin_postrelapse_num,4,2,17,12.503,6.608215
fold7,29.9509900990099,102.69995161323114,batch.ind2,negBin_postrelapse_num,4,2,17,12.503,6.608215
fold8,25.88267664538851,94.44288403622966,batch.ind2,negBin_postrelapse_num,4,2,17,12.503,6.608215
fold9,23.21070901196747,88.28313765737623,batch.ind2,negBin_postrelapse_num,4,2,17,12.503,6.608215
fold10,28.120099009900986,122.11481814300525,batch.ind2,negBin_postrelapse_num,4,2,17,12.503,6.608215
fold1,23.96079207920792,108.17840404985057,batch.ind3,negBin_postrelapse_num,4,3,18,12.503,6.608215
fold2,33.67914438502674,115.41803101677482,batch.ind3,negBin_postrelapse_num,4,3,18,12.503,6.608215
fold3,35.70394736842105,102.33240651951621,batch.ind3,negBin_postrelapse_num,4,3,18,12.503,6.608215
fold4,37.888256658595644,131.9373382612237,batch.ind3,negBin_postrelapse_num,4,3,18,12.503,6.608215
fold5,46.54401268834258,96.51877685810453,batch.ind3,negBin_postrelapse_num,4,3,18,12.503,6.608215
fold6,14.076994229837467,81.31715254232383,batch.ind3,negBin_postrelapse_num,4,3,18,12.503,6.608215
fold7,20.06417112299465,108.51956209028319,batch.ind3,negBin_postrelapse_num,4,3,18,12.503,6.608215
fold8,26.725448936873416,91.16887355929725,batch.ind3,negBin_postrelapse_num,4,3,18,12.503,6.608215
fold9,19.98015445204726,97.08174983849972,batch.ind3,negBin_postrelapse_num,4,3,18,12.503,6.608215
fold10,22.08443715895089,100.09358964117938,batch.ind3,negBin_postrelapse_num,4,3,18,12.503,6.608215
fold1,29.919138355923252,97.0150348056691,batch.ind4,negBin_postrelapse_num,4,4,19,12.503,6.608215
fold2,25.468496136318606,106.48623513917838,batch.ind4,negBin_postrelapse_num,4,4,19,12.503,6.608215
fold3,23.9209900990099,102.6031845812918,batch.ind4,negBin_postrelapse_num,4,4,19,12.503,6.608215
fold4,40.975035804781314,90.4409901235132,batch.ind4,negBin_postrelapse_num,4,4,19,12.503,6.608215
fold5,16.034269934870622,92.49882330488855,batch.ind4,negBin_postrelapse_num,4,4,19,12.503,6.608215
fold6,21.97082709745576,72.42270066721103,batch.ind4,negBin_postrelapse_num,4,4,19,12.503,6.608215
fold7,33.85828877005348,132.98374492600848,batch.ind4,negBin_postrelapse_num,4,4,19,12.503,6.608215
fold8,15.862834195180987,118.31479892091507,batch.ind4,negBin_postrelapse_num,4,4,19,12.503,6.608215
fold9,19.885026737967912,98.23521115247169,batch.ind4,negBin_postrelapse_num,4,4,19,12.503,6.608215
fold10,26.380253766851702,93.22200202896238,batch.ind4,negBin_postrelapse_num,4,4,19,12.503,6.608215
fold1,29.84057173060829,114.06019421760921,batch.ind5,negBin_postrelapse_num,4,5,20,12.503,6.608215
fold2,23.94089108910891,108.86645251794172,batch.ind5,negBin_postrelapse_num,4,5,20,12.503,6.608215
fold3,56.25133689839572,125.6538253656263,batch.ind5,negBin_postrelapse_num,4,5,20,12.503,6.608215
fold4,25.980283859610516,102.50948550530313,batch.ind5,negBin_postrelapse_num,4,5,20,12.503,6.608215
fold5,24.64613859204583,92.01492437844688,batch.ind5,negBin_postrelapse_num,4,5,20,12.503,6.608215
fold6,26.302829461631617,80.6758749845425,batch.ind5,negBin_postrelapse_num,4,5,20,12.503,6.608215
fold7,6.00333325999428,89.74127472702624,batch.ind5,negBin_postrelapse_num,4,5,20,12.503,6.608215
fold8,35.94703086840774,112.56130109565383,batch.ind5,negBin_postrelapse_num,4,5,20,12.503,6.608215
fold9,31.70855614973262,110.51332506121733,batch.ind5,negBin_postrelapse_num,4,5,20,12.503,6.608215
fold10,13.950832489098357,106.81252285449074,batch.ind5,negBin_postrelapse_num,4,5,20,12.503,6.608215
fold1,28.271846797270527,127.500193767879,batch.ind1,negBin_postrelapse_num,5,1,21,12.386,6.61934
fold2,33.672577768971664,84.49893872343299,batch.ind1,negBin_postrelapse_num,5,1,21,12.386,6.61934
fold3,28.027826718935824,98.4676229366968,batch.ind1,negBin_postrelapse_num,5,1,21,12.386,6.61934
fold4,22.026185498954778,118.3850390265734,batch.ind1,negBin_postrelapse_num,5,1,21,12.386,6.61934
fold5,37.475926292847234,92.76522576894237,batch.ind1,negBin_postrelapse_num,5,1,21,12.386,6.61934
fold6,20.18185119964781,125.2746624203764,batch.ind1,negBin_postrelapse_num,5,1,21,12.386,6.61934
fold7,29.96669310071372,94.44966675188525,batch.ind1,negBin_postrelapse_num,5,1,21,12.386,6.61934
fold8,13.841847407244302,91.14414739180377,batch.ind1,negBin_postrelapse_num,5,1,21,12.386,6.61934
fold9,39.94919786096256,96.4564377925895,batch.ind1,negBin_postrelapse_num,5,1,21,12.386,6.61934
fold10,17.91831323710614,94.59097573705644,batch.ind1,negBin_postrelapse_num,5,1,21,12.386,6.61934
fold1,28.0482114914156,95.03475943028653,batch.ind2,negBin_postrelapse_num,5,2,22,12.386,6.61934
fold2,24.357668171309037,85.81057041597442,batch.ind2,negBin_postrelapse_num,5,2,22,12.386,6.61934
fold3,33.87170596393897,121.14430554024204,batch.ind2,negBin_postrelapse_num,5,2,22,12.386,6.61934
fold4,34.260006601386294,83.13300672812748,batch.ind2,negBin_postrelapse_num,5,2,22,12.386,6.61934
fold5,38.21410496204203,101.93161668673214,batch.ind2,negBin_postrelapse_num,5,2,22,12.386,6.61934
fold6,41.97748481380403,139.9331611239891,batch.ind2,negBin_postrelapse_num,5,2,22,12.386,6.61934
fold7,11.986765967745484,89.1159533359413,batch.ind2,negBin_postrelapse_num,5,2,22,12.386,6.61934
fold8,31.937659565102564,98.09379531160829,batch.ind2,negBin_postrelapse_num,5,2,22,12.386,6.61934
fold9,53.995836637589214,107.99516452344623,batch.ind2,negBin_postrelapse_num,5,2,22,12.386,6.61934
fold10,27.957333039938383,107.78662991096714,batch.ind2,negBin_postrelapse_num,5,2,22,12.386,6.61934
fold1,49.72128549416685,119.9969566646071,batch.ind3,negBin_postrelapse_num,5,3,23,12.386,6.61934
fold2,18.04248833524078,90.67395716754284,batch.ind3,negBin_postrelapse_num,5,3,23,12.386,6.61934
fold3,35.82316227461858,111.60861373316696,batch.ind3,negBin_postrelapse_num,5,3,23,12.386,6.61934
fold4,18.11548111629545,105.78600176469536,batch.ind3,negBin_postrelapse_num,5,3,23,12.386,6.61934
fold5,37.475926292847234,132.35812601789584,batch.ind3,negBin_postrelapse_num,5,3,23,12.386,6.61934
fold6,13.85932236972459,91.65986665793288,batch.ind3,negBin_postrelapse_num,5,3,23,12.386,6.61934
fold7,18.025646385741005,93.29161142731144,batch.ind3,negBin_postrelapse_num,5,3,23,12.386,6.61934
fold8,11.901315789473683,103.12275987865455,batch.ind3,negBin_postrelapse_num,5,3,23,12.386,6.61934
fold9,38.11870709382151,108.84196493083505,batch.ind3,negBin_postrelapse_num,5,3,23,12.386,6.61934
fold10,35.793005546262876,100.70151476011658,batch.ind3,negBin_postrelapse_num,5,3,23,12.386,6.61934
fold1,33.63203787294947,110.82395060293831,batch.ind4,negBin_postrelapse_num,5,4,24,12.386,6.61934
fold2,16.187919463087248,104.85243895468561,batch.ind4,negBin_postrelapse_num,5,4,24,12.386,6.61934
fold3,40.27742681047766,120.81620454511555,batch.ind4,negBin_postrelapse_num,5,4,24,12.386,6.61934
fold4,14.017547526843865,101.05174892207064,batch.ind4,negBin_postrelapse_num,5,4,24,12.386,6.61934
fold5,30.01069306930693,112.53651655925346,batch.ind4,negBin_postrelapse_num,5,4,24,12.386,6.61934
fold6,30.199900695134062,89.52844584826136,batch.ind4,negBin_postrelapse_num,5,4,24,12.386,6.61934
fold7,34.00341026600075,114.49558210509618,batch.ind4,negBin_postrelapse_num,5,4,24,12.386,6.61934
fold8,23.789010916453915,83.19834456318547,batch.ind4,negBin_postrelapse_num,5,4,24,12.386,6.61934
fold9,28.153988459674935,96.63930256980574,batch.ind4,negBin_postrelapse_num,5,4,24,12.386,6.61934
fold10,25.79640105657055,100.36099059816736,batch.ind4,negBin_postrelapse_num,5,4,24,12.386,6.61934
fold1,25.66762433128591,74.88086972194432,batch.ind5,negBin_postrelapse_num,5,5,25,12.386,6.61934
fold2,22.053367818622057,111.92558074994994,batch.ind5,negBin_postrelapse_num,5,5,25,12.386,6.61934
fold3,17.851973684210524,120.56008184275045,batch.ind5,negBin_postrelapse_num,5,5,25,12.386,6.61934
fold4,29.535533497667046,82.4675719603249,batch.ind5,negBin_postrelapse_num,5,5,25,12.386,6.61934
fold5,21.996743746012193,124.61456115137555,batch.ind5,negBin_postrelapse_num,5,5,25,12.386,6.61934
fold6,11.823529411764705,106.07979785779037,batch.ind5,negBin_postrelapse_num,5,5,25,12.386,6.61934
fold7,31.92024965325936,110.46378335229947,batch.ind5,negBin_postrelapse_num,5,5,25,12.386,6.61934
fold8,53.98197226502312,117.69253128106016,batch.ind5,negBin_postrelapse_num,5,5,25,12.386,6.61934
fold9,14.049647809817301,102.22844622749261,batch.ind5,negBin_postrelapse_num,5,5,25,12.386,6.61934
fold10,27.818208836932833,99.2982115953975,batch.ind5,negBin_postrelapse_num,5,5,25,12.386,6.61934
fold1,11.934485565921491,82.78478750632082,batch.ind1,poisson_postrelapse_num,1,1,1,6.082,1.676832
fold2,45.801247771836,135.00808056406558,batch.ind1,poisson_postrelapse_num,1,1,1,6.082,1.676832
fold3,49.98014790034334,115.78876061515233,batch.ind1,poisson_postrelapse_num,1,1,1,6.082,1.676832
fold4,39.8700712902658,99.91980816490141,batch.ind1,poisson_postrelapse_num,1,1,1,6.082,1.676832
fold5,28.406311941153152,116.02349796646475,batch.ind1,poisson_postrelapse_num,1,1,1,6.082,1.676832
fold6,9.938173405310124,69.86940732256697,batch.ind1,poisson_postrelapse_num,1,1,1,6.082,1.676832
fold7,32.00079207920792,119.29849431760424,batch.ind1,poisson_postrelapse_num,1,1,1,6.082,1.676832
fold8,13.822178448807113,112.46583817696593,batch.ind1,poisson_postrelapse_num,1,1,1,6.082,1.676832
fold9,39.580380931410325,86.77500595127617,batch.ind1,poisson_postrelapse_num,1,1,1,6.082,1.676832
fold10,17.91831323710614,107.58115925161395,batch.ind1,poisson_postrelapse_num,1,1,1,6.082,1.676832
fold1,27.771570029706236,107.94227704450378,batch.ind2,poisson_postrelapse_num,1,2,2,6.082,1.676832
fold2,37.87418268278185,93.21091310470082,batch.ind2,poisson_postrelapse_num,1,2,2,6.082,1.676832
fold3,20.095575610829847,114.40238469636026,batch.ind2,poisson_postrelapse_num,1,2,2,6.082,1.676832
fold4,34.00341026600075,96.15609038449557,batch.ind2,poisson_postrelapse_num,1,2,2,6.082,1.676832
fold5,32.18743121285494,90.47376178619,batch.ind2,poisson_postrelapse_num,1,2,2,6.082,1.676832
fold6,25.96275822578514,100.49573688847532,batch.ind2,poisson_postrelapse_num,1,2,2,6.082,1.676832
fold7,33.57301367148801,107.2087120288996,batch.ind2,poisson_postrelapse_num,1,2,2,6.082,1.676832
fold8,29.97349018399507,121.50980317012463,batch.ind2,poisson_postrelapse_num,1,2,2,6.082,1.676832
fold9,23.91529621557361,102.63675047978164,batch.ind2,poisson_postrelapse_num,1,2,2,6.082,1.676832
fold10,14.003355261710414,76.55843698724311,batch.ind2,poisson_postrelapse_num,1,2,2,6.082,1.676832
fold1,33.33990001321411,86.58372234770555,batch.ind3,poisson_postrelapse_num,1,3,3,6.082,1.676832
fold2,21.467226148409893,98.89481546716392,batch.ind3,poisson_postrelapse_num,1,3,3,6.082,1.676832
fold3,26.227779000660355,101.76187758227225,batch.ind3,poisson_postrelapse_num,1,3,3,6.082,1.676832
fold4,20.06417112299465,98.61221955025555,batch.ind3,poisson_postrelapse_num,1,3,3,6.082,1.676832
fold5,31.937659565102564,101.45000075020342,batch.ind3,poisson_postrelapse_num,1,3,3,6.082,1.676832
fold6,29.891287128712868,107.37582613292129,batch.ind3,poisson_postrelapse_num,1,3,3,6.082,1.676832
fold7,23.910353174166573,87.56637983093493,batch.ind3,poisson_postrelapse_num,1,3,3,6.082,1.676832
fold8,19.705882352941174,111.57453993980144,batch.ind3,poisson_postrelapse_num,1,3,3,6.082,1.676832
fold9,28.033244593078262,109.34561158604046,batch.ind3,poisson_postrelapse_num,1,3,3,6.082,1.676832
fold10,25.99675474687026,105.58536523549043,batch.ind3,poisson_postrelapse_num,1,3,3,6.082,1.676832
fold1,44.72419258965722,126.16337190166033,batch.ind4,poisson_postrelapse_num,1,4,4,6.082,1.676832
fold2,13.932225767411156,114.29892486867827,batch.ind4,poisson_postrelapse_num,1,4,4,6.082,1.676832
fold3,23.91529621557361,92.39182973681888,batch.ind4,poisson_postrelapse_num,1,4,4,6.082,1.676832
fold4,27.767379679144383,84.20252043322462,batch.ind4,poisson_postrelapse_num,1,4,4,6.082,1.676832
fold5,19.641391005593974,82.70403634613595,batch.ind4,poisson_postrelapse_num,1,4,4,6.082,1.676832
fold6,30.057087827426813,110.05730747170207,batch.ind4,poisson_postrelapse_num,1,4,4,6.082,1.676832
fold7,25.885693539869738,82.97320818304611,batch.ind4,poisson_postrelapse_num,1,4,4,6.082,1.676832
fold8,28.003773792496425,116.08113813141006,batch.ind4,poisson_postrelapse_num,1,4,4,6.082,1.676832
fold9,29.887941467708217,112.88378745162767,batch.ind4,poisson_postrelapse_num,1,4,4,6.082,1.676832
fold10,29.462540716612377,113.2482975353739,batch.ind4,poisson_postrelapse_num,1,4,4,6.082,1.676832
fold1,15.662337662337663,105.03002032596575,batch.ind5,poisson_postrelapse_num,1,5,5,6.082,1.676832
fold2,28.099295619634603,121.40073267490523,batch.ind5,poisson_postrelapse_num,1,5,5,6.082,1.676832
fold3,29.917112299465238,108.70430601460919,batch.ind5,poisson_postrelapse_num,1,5,5,6.082,1.676832
fold4,28.05021454505446,89.56997566614245,batch.ind5,poisson_postrelapse_num,1,5,5,6.082,1.676832
fold5,29.67010105012879,100.72904512774987,batch.ind5,poisson_postrelapse_num,1,5,5,6.082,1.676832
fold6,23.863912421608536,112.04635537733971,batch.ind5,poisson_postrelapse_num,1,5,5,6.082,1.676832
fold7,36.00802139037433,88.34340018130331,batch.ind5,poisson_postrelapse_num,1,5,5,6.082,1.676832
fold8,20.019876227811302,109.95880823717677,batch.ind5,poisson_postrelapse_num,1,5,5,6.082,1.676832
fold9,28.096655297612497,93.19147341270208,batch.ind5,poisson_postrelapse_num,1,5,5,6.082,1.676832
fold10,41.832003966068086,104.61678376129029,batch.ind5,poisson_postrelapse_num,1,5,5,6.082,1.676832
fold1,21.89783431640109,93.37015271429921,batch.ind1,poisson_postrelapse_num,2,1,6,5.859,1.523721
fold2,49.957019647532505,126.63912337934433,batch.ind1,poisson_postrelapse_num,2,1,6,5.859,1.523721
fold3,21.99674374601219,105.49797170832301,batch.ind1,poisson_postrelapse_num,2,1,6,5.859,1.523721
fold4,44.003025435662735,136.93046763826393,batch.ind1,poisson_postrelapse_num,2,1,6,5.859,1.523721
fold5,28.03400079302141,104.68813415251739,batch.ind1,poisson_postrelapse_num,2,1,6,5.859,1.523721
fold6,39.96694242150888,131.9639899222201,batch.ind1,poisson_postrelapse_num,2,1,6,5.859,1.523721
fold7,17.619310800396345,72.89390297690407,batch.ind1,poisson_postrelapse_num,2,1,6,5.859,1.523721
fold8,27.75505551149881,88.25144640917625,batch.ind1,poisson_postrelapse_num,2,1,6,5.859,1.523721
fold9,15.899867885060003,102.79233154610424,batch.ind1,poisson_postrelapse_num,2,1,6,5.859,1.523721
fold10,33.77214186645532,80.06054707922124,batch.ind1,poisson_postrelapse_num,2,1,6,5.859,1.523721
fold1,23.868971131842983,103.38319597693526,batch.ind2,poisson_postrelapse_num,2,2,7,5.859,1.523721
fold2,47.91881443298969,107.30809777449207,batch.ind2,poisson_postrelapse_num,2,2,7,5.859,1.523721
fold3,13.951207973948248,92.19868337015889,batch.ind2,poisson_postrelapse_num,2,2,7,5.859,1.523721
fold4,19.816932555836726,89.50776403907243,batch.ind2,poisson_postrelapse_num,2,2,7,5.859,1.523721
fold5,38.35316918468925,127.82528139231343,batch.ind2,poisson_postrelapse_num,2,2,7,5.859,1.523721
fold6,31.341494845360824,128.58207364514652,batch.ind2,poisson_postrelapse_num,2,2,7,5.859,1.523721
fold7,25.623849878934625,89.33294166940497,batch.ind2,poisson_postrelapse_num,2,2,7,5.859,1.523721
fold8,32.10029702970297,93.66765364832172,batch.ind2,poisson_postrelapse_num,2,2,7,5.859,1.523721
fold9,21.70826546335021,86.37870343209153,batch.ind2,poisson_postrelapse_num,2,2,7,5.859,1.523721
fold10,20.000055004290335,108.76520378445781,batch.ind2,poisson_postrelapse_num,2,2,7,5.859,1.523721
fold1,25.918863316317548,96.85603783207615,batch.ind3,poisson_postrelapse_num,2,3,8,5.859,1.523721
fold2,17.914438502673796,67.5951860677069,batch.ind3,poisson_postrelapse_num,2,3,8,5.859,1.523721
fold3,41.91148514851485,92.4787159208734,batch.ind3,poisson_postrelapse_num,2,3,8,5.859,1.523721
fold4,26.267070618045608,93.39590222732772,batch.ind3,poisson_postrelapse_num,2,3,8,5.859,1.523721
fold5,30.26748563503071,121.78773085359022,batch.ind3,poisson_postrelapse_num,2,3,8,5.859,1.523721
fold6,29.7379679144385,114.59289598485152,batch.ind3,poisson_postrelapse_num,2,3,8,5.859,1.523721
fold7,30.08029285478366,130.0583333126103,batch.ind3,poisson_postrelapse_num,2,3,8,5.859,1.523721
fold8,17.845029175382585,100.92307768127881,batch.ind3,poisson_postrelapse_num,2,3,8,5.859,1.523721
fold9,23.863912421608536,118.8065886443956,batch.ind3,poisson_postrelapse_num,2,3,8,5.859,1.523721
fold10,24.00059405940594,103.69971415211336,batch.ind3,poisson_postrelapse_num,2,3,8,5.859,1.523721
fold1,25.91622103386809,125.78854128920561,batch.ind4,poisson_postrelapse_num,2,4,9,5.859,1.523721
fold2,24.019966557391477,105.1633627422939,batch.ind4,poisson_postrelapse_num,2,4,9,5.859,1.523721
fold3,11.908735834525249,101.90989256819907,batch.ind4,poisson_postrelapse_num,2,4,9,5.859,1.523721
fold4,41.79667730223347,123.95106334958678,batch.ind4,poisson_postrelapse_num,2,4,9,5.859,1.523721
fold5,24.227678571428573,105.09703725432678,batch.ind4,poisson_postrelapse_num,2,4,9,5.859,1.523721
fold6,11.862295081967211,86.87456837393759,batch.ind4,poisson_postrelapse_num,2,4,9,5.859,1.523721
fold7,20.146037968550413,87.77888430017796,batch.ind4,poisson_postrelapse_num,2,4,9,5.859,1.523721
fold8,21.915329768270944,106.20470436945857,batch.ind4,poisson_postrelapse_num,2,4,9,5.859,1.523721
fold9,42.235219018269866,90.132674995627,batch.ind4,poisson_postrelapse_num,2,4,9,5.859,1.523721
fold10,23.862003697508584,84.23316972873187,batch.ind4,poisson_postrelapse_num,2,4,9,5.859,1.523721
fold1,30.215686274509803,107.51017360462946,batch.ind5,poisson_postrelapse_num,2,5,10,5.859,1.523721
fold2,24.150013214112672,82.57946986354732,batch.ind5,poisson_postrelapse_num,2,5,10,5.859,1.523721
fold3,41.95313325118817,103.78007087640744,batch.ind5,poisson_postrelapse_num,2,5,10,5.859,1.523721
fold4,23.576589181447613,98.16299309195637,batch.ind5,poisson_postrelapse_num,2,5,10,5.859,1.523721
fold5,27.571364116559558,91.488100779615,batch.ind5,poisson_postrelapse_num,2,5,10,5.859,1.523721
fold6,21.864275807410344,89.3522693661105,batch.ind5,poisson_postrelapse_num,2,5,10,5.859,1.523721
fold7,26.01665529911333,123.658027009885,batch.ind5,poisson_postrelapse_num,2,5,10,5.859,1.523721
fold8,37.72066977644781,105.49888737160902,batch.ind5,poisson_postrelapse_num,2,5,10,5.859,1.523721
fold9,30.315914593880695,107.25711429140935,batch.ind5,poisson_postrelapse_num,2,5,10,5.859,1.523721
fold10,37.70325668390362,132.43827322012777,batch.ind5,poisson_postrelapse_num,2,5,10,5.859,1.523721
fold1,30.16792153754706,110.66304784308812,batch.ind1,poisson_postrelapse_num,3,1,11,5.853,1.519929
fold2,36.18929121725732,97.06126843608486,batch.ind1,poisson_postrelapse_num,3,1,11,5.853,1.519929
fold3,23.88591800356506,75.27235880974256,batch.ind1,poisson_postrelapse_num,3,1,11,5.853,1.519929
fold4,28.12566844919786,121.09244882695782,batch.ind1,poisson_postrelapse_num,3,1,11,5.853,1.519929
fold5,25.972158640725418,128.62695131975244,batch.ind1,poisson_postrelapse_num,3,1,11,5.853,1.519929
fold6,23.471252973830293,88.27948549682709,batch.ind1,poisson_postrelapse_num,3,1,11,5.853,1.519929
fold7,27.571364116559554,106.83087360012495,batch.ind1,poisson_postrelapse_num,3,1,11,5.853,1.519929
fold8,32.60267857142857,109.44447051921384,batch.ind1,poisson_postrelapse_num,3,1,11,5.853,1.519929
fold9,37.74969743646165,90.39084219185001,batch.ind1,poisson_postrelapse_num,3,1,11,5.853,1.519929
fold10,13.97049504950495,108.31358367048203,batch.ind1,poisson_postrelapse_num,3,1,11,5.853,1.519929
fold1,24.31355260550822,114.41200070466974,batch.ind2,poisson_postrelapse_num,3,2,12,5.853,1.519929
fold2,32.190075915942344,126.82827390466576,batch.ind2,poisson_postrelapse_num,3,2,12,5.853,1.519929
fold3,36.035645132899134,109.39256959778388,batch.ind2,poisson_postrelapse_num,3,2,12,5.853,1.519929
fold4,33.857756247935704,116.54820203638768,batch.ind2,poisson_postrelapse_num,3,2,12,5.853,1.519929
fold5,27.869246171448687,107.85167569263444,batch.ind2,poisson_postrelapse_num,3,2,12,5.853,1.519929
fold6,25.964251899152263,94.92825864867937,batch.ind2,poisson_postrelapse_num,3,2,12,5.853,1.519929
fold7,27.99344348859211,97.01854753705696,batch.ind2,poisson_postrelapse_num,3,2,12,5.853,1.519929
fold8,23.70677361853832,95.31560318732683,batch.ind2,poisson_postrelapse_num,3,2,12,5.853,1.519929
fold9,27.75505551149881,84.15162992768362,batch.ind2,poisson_postrelapse_num,3,2,12,5.853,1.519929
fold10,23.716018135399242,86.41026310808732,batch.ind2,poisson_postrelapse_num,3,2,12,5.853,1.519929
fold1,18.44630066339012,92.83646856711454,batch.ind3,poisson_postrelapse_num,3,3,13,5.853,1.519929
fold2,29.82750462188573,93.87135981870748,batch.ind3,poisson_postrelapse_num,3,3,13,5.853,1.519929
fold3,29.85279880302764,99.10023089320755,batch.ind3,poisson_postrelapse_num,3,3,13,5.853,1.519929
fold4,35.96930558000352,106.79049712522053,batch.ind3,poisson_postrelapse_num,3,3,13,5.853,1.519929
fold5,24.014860313057262,90.69985341079276,batch.ind3,poisson_postrelapse_num,3,3,13,5.853,1.519929
fold6,29.714409989869182,106.50990556476945,batch.ind3,poisson_postrelapse_num,3,3,13,5.853,1.519929
fold7,36.0332665947944,108.35493367250614,batch.ind3,poisson_postrelapse_num,3,3,13,5.853,1.519929
fold8,30.143363416244775,97.27122250943641,batch.ind3,poisson_postrelapse_num,3,3,13,5.853,1.519929
fold9,27.869246171448687,105.70734159435591,batch.ind3,poisson_postrelapse_num,3,3,13,5.853,1.519929
fold10,29.96669310071372,139.3853050038511,batch.ind3,poisson_postrelapse_num,3,3,13,5.853,1.519929
fold1,28.189536802728572,108.22948587581214,batch.ind4,poisson_postrelapse_num,3,4,14,5.853,1.519929
fold2,38.15187687026932,124.799329115713,batch.ind4,poisson_postrelapse_num,3,4,14,5.853,1.519929
fold3,30.01864768526668,102.38713097478644,batch.ind4,poisson_postrelapse_num,3,4,14,5.853,1.519929
fold4,37.83016770842504,109.46330095286679,batch.ind4,poisson_postrelapse_num,3,4,14,5.853,1.519929
fold5,41.54501430772617,109.51222635993456,batch.ind4,poisson_postrelapse_num,3,4,14,5.853,1.519929
fold6,22.41403547427564,87.61697699739328,batch.ind4,poisson_postrelapse_num,3,4,14,5.853,1.519929
fold7,21.622492568534625,91.15919710106725,batch.ind4,poisson_postrelapse_num,3,4,14,5.853,1.519929
fold8,21.538560666137986,91.1691480474901,batch.ind4,poisson_postrelapse_num,3,4,14,5.853,1.519929
fold9,17.851973684210524,109.678524401559,batch.ind4,poisson_postrelapse_num,3,4,14,5.853,1.519929
fold10,28.11690112938379,88.91508688960323,batch.ind4,poisson_postrelapse_num,3,4,14,5.853,1.519929
fold1,29.857397504456326,115.60015909792453,batch.ind5,poisson_postrelapse_num,3,5,15,5.853,1.519929
fold2,25.952033092765358,115.11264646339052,batch.ind5,poisson_postrelapse_num,3,5,15,5.853,1.519929
fold3,33.592223494692334,114.2379359718808,batch.ind5,poisson_postrelapse_num,3,5,15,5.853,1.519929
fold4,24.005347593582886,105.04277952858699,batch.ind5,poisson_postrelapse_num,3,5,15,5.853,1.519929
fold5,29.97349018399507,106.42715371197937,batch.ind5,poisson_postrelapse_num,3,5,15,5.853,1.519929
fold6,31.92024965325936,91.42276644714224,batch.ind5,poisson_postrelapse_num,3,5,15,5.853,1.519929
fold7,25.968952234206473,123.78089051866242,batch.ind5,poisson_postrelapse_num,3,5,15,5.853,1.519929
fold8,27.9409900990099,92.89182832862342,batch.ind5,poisson_postrelapse_num,3,5,15,5.853,1.519929
fold9,24.37357018491173,98.09982815947991,batch.ind5,poisson_postrelapse_num,3,5,15,5.853,1.519929
fold10,26.010021781698974,120.44820369089405,batch.ind5,poisson_postrelapse_num,3,5,15,5.853,1.519929
fold1,30.049833887043192,108.03369163000052,batch.ind1,poisson_postrelapse_num,4,1,16,6.069,1.518664
fold2,24.005347593582886,105.38087725912342,batch.ind1,poisson_postrelapse_num,4,1,16,6.069,1.518664
fold3,44.106735637244114,110.18653234142741,batch.ind1,poisson_postrelapse_num,4,1,16,6.069,1.518664
fold4,11.901315789473683,89.14675516970541,batch.ind1,poisson_postrelapse_num,4,1,16,6.069,1.518664
fold5,11.78501628664495,88.28484816877155,batch.ind1,poisson_postrelapse_num,4,1,16,6.069,1.518664
fold6,26.114277845103008,106.32225357363501,batch.ind1,poisson_postrelapse_num,4,1,16,6.069,1.518664
fold7,30.08029285478366,114.28087609115207,batch.ind1,poisson_postrelapse_num,4,1,16,6.069,1.518664
fold8,23.906231421336564,120.72013412243601,batch.ind1,poisson_postrelapse_num,4,1,16,6.069,1.518664
fold9,34.05059405940594,105.27005346941266,batch.ind1,poisson_postrelapse_num,4,1,16,6.069,1.518664
fold10,27.79034245972357,88.05386559934112,batch.ind1,poisson_postrelapse_num,4,1,16,6.069,1.518664
fold1,16.00039603960396,101.51826051599,batch.ind2,poisson_postrelapse_num,4,2,17,6.069,1.518664
fold2,23.9248844375963,99.5212288146893,batch.ind2,poisson_postrelapse_num,4,2,17,6.069,1.518664
fold3,42.06266784063394,111.68898949169719,batch.ind2,poisson_postrelapse_num,4,2,17,6.069,1.518664
fold4,38.19951557855334,126.77916888308845,batch.ind2,poisson_postrelapse_num,4,2,17,6.069,1.518664
fold5,20.006657716348272,102.7767607048152,batch.ind2,poisson_postrelapse_num,4,2,17,6.069,1.518664
fold6,24.097435615232225,93.7436851875372,batch.ind2,poisson_postrelapse_num,4,2,17,6.069,1.518664
fold7,29.9509900990099,99.303679427491,batch.ind2,poisson_postrelapse_num,4,2,17,6.069,1.518664
fold8,27.840468853180717,103.93511573867957,batch.ind2,poisson_postrelapse_num,4,2,17,6.069,1.518664
fold9,25.297214202278887,92.1114490155092,batch.ind2,poisson_postrelapse_num,4,2,17,6.069,1.518664
fold10,28.120099009900986,122.11481814300525,batch.ind2,poisson_postrelapse_num,4,2,17,6.069,1.518664
fold1,23.96079207920792,111.97002622644195,batch.ind3,poisson_postrelapse_num,4,3,18,6.069,1.518664
fold2,33.67914438502674,111.83874010060747,batch.ind3,poisson_postrelapse_num,4,3,18,6.069,1.518664
fold3,35.70394736842105,98.7101488733474,batch.ind3,poisson_postrelapse_num,4,3,18,6.069,1.518664
fold4,37.888256658595644,130.24723976820172,batch.ind3,poisson_postrelapse_num,4,3,18,6.069,1.518664
fold5,40.327517842981756,90.68768309105742,batch.ind3,poisson_postrelapse_num,4,3,18,6.069,1.518664
fold6,17.95480773466062,86.81138522882891,batch.ind3,poisson_postrelapse_num,4,3,18,6.069,1.518664
fold7,11.94295900178253,104.52794889345198,batch.ind3,poisson_postrelapse_num,4,3,18,6.069,1.518664
fold8,26.725448936873416,87.37174830262374,batch.ind3,poisson_postrelapse_num,4,3,18,6.069,1.518664
fold9,19.98015445204726,97.13094956108836,batch.ind3,poisson_postrelapse_num,4,3,18,6.069,1.518664
fold10,18.050992342897377,101.24213117900476,batch.ind3,poisson_postrelapse_num,4,3,18,6.069,1.518664
fold1,29.885968579475442,100.61437102384222,batch.ind4,poisson_postrelapse_num,4,4,19,6.069,1.518664
fold2,25.468496136318606,99.28414586663597,batch.ind4,poisson_postrelapse_num,4,4,19,6.069,1.518664
fold3,25.9309900990099,110.20261125907251,batch.ind4,poisson_postrelapse_num,4,4,19,6.069,1.518664
fold4,40.975035804781314,90.43529728204892,batch.ind4,poisson_postrelapse_num,4,4,19,6.069,1.518664
fold5,14.017547526843865,86.98845389382888,batch.ind4,poisson_postrelapse_num,4,4,19,6.069,1.518664
fold6,21.97082709745576,75.43452152297439,batch.ind4,poisson_postrelapse_num,4,4,19,6.069,1.518664
fold7,35.88859180035651,136.73584498200998,batch.ind4,poisson_postrelapse_num,4,4,19,6.069,1.518664
fold8,15.862834195180987,121.97930896905187,batch.ind4,poisson_postrelapse_num,4,4,19,6.069,1.518664
fold9,19.885026737967912,94.37864085961682,batch.ind4,poisson_postrelapse_num,4,4,19,6.069,1.518664
fold10,30.24563838223632,98.7250821110979,batch.ind4,poisson_postrelapse_num,4,4,19,6.069,1.518664
fold1,29.84057173060829,114.40442456609367,batch.ind5,poisson_postrelapse_num,4,5,20,6.069,1.518664
fold2,31.960990099009898,116.24237786406977,batch.ind5,poisson_postrelapse_num,4,5,20,6.069,1.518664
fold3,56.25133689839572,121.72940664038623,batch.ind5,poisson_postrelapse_num,4,5,20,6.069,1.518664
fold4,19.909814060952797,94.88907886261865,batch.ind5,poisson_postrelapse_num,4,5,20,6.069,1.518664
fold5,26.725448936873413,99.69456751375807,batch.ind5,poisson_postrelapse_num,4,5,20,6.069,1.518664
fold6,22.299647693493338,69.7040371242077,batch.ind5,poisson_postrelapse_num,4,5,20,6.069,1.518664
fold7,6.00333325999428,84.67537416583791,batch.ind5,poisson_postrelapse_num,4,5,20,6.069,1.518664
fold8,35.94703086840774,112.56130109565383,batch.ind5,poisson_postrelapse_num,4,5,20,6.069,1.518664
fold9,31.70855614973262,107.80494643255847,batch.ind5,poisson_postrelapse_num,4,5,20,6.069,1.518664
fold10,13.950832489098357,113.7810467657487,batch.ind5,poisson_postrelapse_num,4,5,20,6.069,1.518664
fold1,26.227779000660355,129.89543269176443,batch.ind1,poisson_postrelapse_num,5,1,21,5.853,1.50968
fold2,33.672577768971664,84.75566553249557,batch.ind1,poisson_postrelapse_num,5,1,21,5.853,1.50968
fold3,23.897689732634454,98.49023833429462,batch.ind1,poisson_postrelapse_num,5,1,21,5.853,1.50968
fold4,22.026185498954778,115.20485330666872,batch.ind1,poisson_postrelapse_num,5,1,21,5.853,1.50968
fold5,39.427382603526844,96.12399095321229,batch.ind1,poisson_postrelapse_num,5,1,21,5.853,1.50968
fold6,22.13964340744002,128.9442889550501,batch.ind1,poisson_postrelapse_num,5,1,21,5.853,1.50968
fold7,34.111022997620935,102.06887969034712,batch.ind1,poisson_postrelapse_num,5,1,21,5.853,1.50968
fold8,20.015908840691402,93.70068948897246,batch.ind1,poisson_postrelapse_num,5,1,21,5.853,1.50968
fold9,39.94919786096256,92.7210137368369,batch.ind1,poisson_postrelapse_num,5,1,21,5.853,1.50968
fold10,17.91831323710614,94.59097573705644,batch.ind1,poisson_postrelapse_num,5,1,21,5.853,1.50968
fold1,28.0482114914156,91.15023231348498,batch.ind2,poisson_postrelapse_num,5,2,22,5.853,1.50968
fold2,24.357668171309037,87.88972046748432,batch.ind2,poisson_postrelapse_num,5,2,22,5.853,1.50968
fold3,33.87170596393897,129.96678857344656,batch.ind2,poisson_postrelapse_num,5,2,22,5.853,1.50968
fold4,34.260006601386294,76.75665098705636,batch.ind2,poisson_postrelapse_num,5,2,22,5.853,1.50968
fold5,46.30806469358565,110.02615766559437,batch.ind2,poisson_postrelapse_num,5,2,22,5.853,1.50968
fold6,41.97748481380403,139.97080434279198,batch.ind2,poisson_postrelapse_num,5,2,22,5.853,1.50968
fold7,15.99341048601791,94.46363082439527,batch.ind2,poisson_postrelapse_num,5,2,22,5.853,1.50968
fold8,31.86466678404789,94.30127735237127,batch.ind2,poisson_postrelapse_num,5,2,22,5.853,1.50968
fold9,49.851506740682,101.43041766337136,batch.ind2,poisson_postrelapse_num,5,2,22,5.853,1.50968
fold10,27.957333039938383,96.67583312002708,batch.ind2,poisson_postrelapse_num,5,2,22,5.853,1.50968
fold1,45.63314990094651,116.25859311050554,batch.ind3,poisson_postrelapse_num,5,3,23,5.853,1.50968
fold2,18.04248833524078,86.08929653154749,batch.ind3,poisson_postrelapse_num,5,3,23,5.853,1.50968
fold3,35.82316227461858,111.60861373316696,batch.ind3,poisson_postrelapse_num,5,3,23,5.853,1.50968
fold4,18.11548111629545,105.78600176469536,batch.ind3,poisson_postrelapse_num,5,3,23,5.853,1.50968
fold5,37.475926292847234,132.15597205569495,batch.ind3,poisson_postrelapse_num,5,3,23,5.853,1.50968
fold6,15.910342777887854,99.10472604743339,batch.ind3,poisson_postrelapse_num,5,3,23,5.853,1.50968
fold7,24.049675431840686,102.47335735165576,batch.ind3,poisson_postrelapse_num,5,3,23,5.853,1.50968
fold8,13.918038197500438,108.49009739948752,batch.ind3,poisson_postrelapse_num,5,3,23,5.853,1.50968
fold9,38.11870709382151,108.84196493083505,batch.ind3,poisson_postrelapse_num,5,3,23,5.853,1.50968
fold10,33.755843384100714,105.15231669141133,batch.ind3,poisson_postrelapse_num,5,3,23,5.853,1.50968
fold1,33.63203787294947,110.82395060293831,batch.ind4,poisson_postrelapse_num,5,4,24,5.853,1.50968
fold2,16.187919463087248,98.95786458482769,batch.ind4,poisson_postrelapse_num,5,4,24,5.853,1.50968
fold3,34.14522342064715,109.99489360394243,batch.ind4,poisson_postrelapse_num,5,4,24,5.853,1.50968
fold4,14.017547526843865,100.95525007346437,batch.ind4,poisson_postrelapse_num,5,4,24,5.853,1.50968
fold5,30.01069306930693,112.53651655925346,batch.ind4,poisson_postrelapse_num,5,4,24,5.853,1.50968
fold6,33.99235352532274,92.30195449104727,batch.ind4,poisson_postrelapse_num,5,4,24,5.853,1.50968
fold7,37.99678774944446,122.34278348454505,batch.ind4,poisson_postrelapse_num,5,4,24,5.853,1.50968
fold8,25.826173078616076,81.4573820287055,batch.ind4,poisson_postrelapse_num,5,4,24,5.853,1.50968
fold9,28.153988459674935,96.36091866030785,batch.ind4,poisson_postrelapse_num,5,4,24,5.853,1.50968
fold10,25.79640105657055,103.99587613861793,batch.ind4,poisson_postrelapse_num,5,4,24,5.853,1.50968
fold1,29.570536952645135,81.59883623711241,batch.ind5,poisson_postrelapse_num,5,5,25,5.853,1.50968
fold2,28.099295619634603,113.33882331777436,batch.ind5,poisson_postrelapse_num,5,5,25,5.853,1.50968
fold3,17.851973684210524,116.89437882751214,batch.ind5,poisson_postrelapse_num,5,5,25,5.853,1.50968
fold4,29.535533497667046,79.50658398400675,batch.ind5,poisson_postrelapse_num,5,5,25,5.853,1.50968
fold5,21.996743746012193,122.90897076830309,batch.ind5,poisson_postrelapse_num,5,5,25,5.853,1.50968
fold6,11.823529411764705,106.93436112544701,batch.ind5,poisson_postrelapse_num,5,5,25,5.853,1.50968
fold7,31.92024965325936,105.19654955939832,batch.ind5,poisson_postrelapse_num,5,5,25,5.853,1.50968
fold8,42.06266784063394,108.60181970954254,batch.ind5,poisson_postrelapse_num,5,5,25,5.853,1.50968
fold9,14.049647809817301,105.83582242419119,batch.ind5,poisson_postrelapse_num,5,5,25,5.853,1.50968
fold10,27.818208836932833,99.2982115953975,batch.ind5,poisson_postrelapse_num,5,5,25,5.853,1.50968
fold1,17.98465279000176,86.49551605246351,batch.ind1,twoReg_postrelapse_num,1,1,1,27455.171,7.625016
fold2,43.83065953654189,141.1613611657095,batch.ind1,twoReg_postrelapse_num,1,1,1,27455.171,7.625016
fold3,33.90182894621005,116.30651838188173,batch.ind1,twoReg_postrelapse_num,1,1,1,27455.171,7.625016
fold4,33.95258317197676,106.54638936590031,batch.ind1,twoReg_postrelapse_num,1,1,1,27455.171,7.625016
fold5,32.66261066819363,120.3669450554301,batch.ind1,twoReg_postrelapse_num,1,1,1,27455.171,7.625016
fold6,18.25541478462047,86.96284586875825,batch.ind1,twoReg_postrelapse_num,1,1,1,27455.171,7.625016
fold7,44.08069306930693,116.79960558684205,batch.ind1,twoReg_postrelapse_num,1,1,1,27455.171,7.625016
fold8,15.786347829914606,121.5103118622706,batch.ind1,twoReg_postrelapse_num,1,1,1,27455.171,7.625016
fold9,35.69005835076516,89.89687547262628,batch.ind1,twoReg_postrelapse_num,1,1,1,27455.171,7.625016
fold10,20.001375198028516,105.25401677554093,batch.ind1,twoReg_postrelapse_num,1,1,1,27455.171,7.625016
fold1,25.840961601936407,112.11846637280482,batch.ind2,twoReg_postrelapse_num,1,2,2,27455.171,7.625016
fold2,24.21398850802457,108.59391372026971,batch.ind2,twoReg_postrelapse_num,1,2,2,27455.171,7.625016
fold3,22.312194585075943,111.951236756144,batch.ind2,twoReg_postrelapse_num,1,2,2,27455.171,7.625016
fold4,25.99675474687026,101.84251767941801,batch.ind2,twoReg_postrelapse_num,1,2,2,27455.171,7.625016
fold5,24.011160026414263,86.81089448260992,batch.ind2,twoReg_postrelapse_num,1,2,2,27455.171,7.625016
fold6,28.027826718935824,87.43190883510405,batch.ind2,twoReg_postrelapse_num,1,2,2,27455.171,7.625016
fold7,37.67505448781454,123.20515287712341,batch.ind2,twoReg_postrelapse_num,1,2,2,27455.171,7.625016
fold8,24.153974821727267,116.79440865261117,batch.ind2,twoReg_postrelapse_num,1,2,2,27455.171,7.625016
fold9,23.91529621557361,101.99098087830654,batch.ind2,twoReg_postrelapse_num,1,2,2,27455.171,7.625016
fold10,11.993399485159841,74.14966651587736,batch.ind2,twoReg_postrelapse_num,1,2,2,27455.171,7.625016
fold1,39.53510549266617,99.59392063989227,batch.ind3,twoReg_postrelapse_num,1,3,3,27455.171,7.625016
fold2,21.467226148409893,111.42880348422953,batch.ind3,twoReg_postrelapse_num,1,3,3,27455.171,7.625016
fold3,32.2737068016729,118.9122636038656,batch.ind3,twoReg_postrelapse_num,1,3,3,27455.171,7.625016
fold4,22.154188948306594,105.46049698580197,batch.ind3,twoReg_postrelapse_num,1,3,3,27455.171,7.625016
fold5,29.97349018399507,97.67076328949193,batch.ind3,twoReg_postrelapse_num,1,3,3,27455.171,7.625016
fold6,19.94079207920792,96.32449712322361,batch.ind3,twoReg_postrelapse_num,1,3,3,27455.171,7.625016
fold7,28.05021454505446,97.75920546600207,batch.ind3,twoReg_postrelapse_num,1,3,3,27455.171,7.625016
fold8,17.735294117647058,98.8353836712334,batch.ind3,twoReg_postrelapse_num,1,3,3,27455.171,7.625016
fold9,32.03988911135069,101.5340977130097,batch.ind3,twoReg_postrelapse_num,1,3,3,27455.171,7.625016
fold10,21.990110228597832,96.52219153176084,batch.ind3,twoReg_postrelapse_num,1,3,3,27455.171,7.625016
fold1,34.568654646324546,113.46409052646398,batch.ind4,twoReg_postrelapse_num,1,4,4,27455.171,7.625016
fold2,21.88686324128067,133.36229298090998,batch.ind4,twoReg_postrelapse_num,1,4,4,27455.171,7.625016
fold3,28.11690112938379,91.41104500650762,batch.ind4,twoReg_postrelapse_num,1,4,4,27455.171,7.625016
fold4,29.797682709447415,95.68688942816252,batch.ind4,twoReg_postrelapse_num,1,4,4,27455.171,7.625016
fold5,19.767552746333084,90.5115842364409,batch.ind4,twoReg_postrelapse_num,1,4,4,27455.171,7.625016
fold6,16.266266784063394,98.94378697556229,batch.ind4,twoReg_postrelapse_num,1,4,4,27455.171,7.625016
fold7,21.951758053159654,70.29945661661932,batch.ind4,twoReg_postrelapse_num,1,4,4,27455.171,7.625016
fold8,32.097194410826276,97.86722664737007,batch.ind4,twoReg_postrelapse_num,1,4,4,27455.171,7.625016
fold9,26.026724612168554,115.48724868361985,batch.ind4,twoReg_postrelapse_num,1,4,4,27455.171,7.625016
fold10,25.60719473545206,123.97904934946517,batch.ind4,twoReg_postrelapse_num,1,4,4,27455.171,7.625016
fold1,19.836748844375965,106.05284461822937,batch.ind5,twoReg_postrelapse_num,1,5,5,27455.171,7.625016
fold2,26.227779000660355,102.38036539731455,batch.ind5,twoReg_postrelapse_num,1,5,5,27455.171,7.625016
fold3,23.826203208556148,115.60620823526972,batch.ind5,twoReg_postrelapse_num,1,5,5,27455.171,7.625016
fold4,21.88686324128067,91.79924077280047,batch.ind5,twoReg_postrelapse_num,1,5,5,27455.171,7.625016
fold5,27.718644739449175,107.52709906753316,batch.ind5,twoReg_postrelapse_num,1,5,5,27455.171,7.625016
fold6,22.02618549895478,106.97357389610339,batch.ind5,twoReg_postrelapse_num,1,5,5,27455.171,7.625016
fold7,17.974153297682708,85.05266946552126,batch.ind5,twoReg_postrelapse_num,1,5,5,27455.171,7.625016
fold8,28.406311941153152,111.7614590370195,batch.ind5,twoReg_postrelapse_num,1,5,5,27455.171,7.625016
fold9,34.12068434371218,108.6947925183385,batch.ind5,twoReg_postrelapse_num,1,5,5,27455.171,7.625016
fold10,36.20524402335573,119.34258227408263,batch.ind5,twoReg_postrelapse_num,1,5,5,27455.171,7.625016
fold1,24.007989259617926,95.65674207807791,batch.ind1,twoReg_postrelapse_num,2,1,6,27407.03,7.611588
fold2,27.973542936349034,111.85924702537476,batch.ind1,twoReg_postrelapse_num,2,1,6,27407.03,7.611588
fold3,21.990110228597832,101.95542822771387,batch.ind1,twoReg_postrelapse_num,2,1,6,27407.03,7.611588
fold4,48.036470251716246,143.5757565023655,batch.ind1,twoReg_postrelapse_num,2,1,6,27407.03,7.611588
fold5,24.168616177636796,99.5266508930854,batch.ind1,twoReg_postrelapse_num,2,1,6,27407.03,7.611588
fold6,37.976887197201386,138.6735680372802,batch.ind1,twoReg_postrelapse_num,2,1,6,27407.03,7.611588
fold7,13.728988219751184,88.60130998157308,batch.ind1,twoReg_postrelapse_num,2,1,6,27407.03,7.611588
fold8,24.168616177636796,83.54982600751985,batch.ind1,twoReg_postrelapse_num,2,1,6,27407.03,7.611588
fold9,17.9578883628757,108.74191057102635,batch.ind1,twoReg_postrelapse_num,2,1,6,27407.03,7.611588
fold10,29.869229245096097,84.51540325865001,batch.ind1,twoReg_postrelapse_num,2,1,6,27407.03,7.611588
fold1,32.002200316845624,116.07451095134292,batch.ind2,twoReg_postrelapse_num,2,2,7,27407.03,7.611588
fold2,32.17833068992863,103.99566687889896,batch.ind2,twoReg_postrelapse_num,2,2,7,27407.03,7.611588
fold3,15.934760605527195,101.50845201791194,batch.ind2,twoReg_postrelapse_num,2,2,7,27407.03,7.611588
fold4,21.84042248872263,112.40838163694046,batch.ind2,twoReg_postrelapse_num,2,2,7,27407.03,7.611588
fold5,48.67851165044267,132.22990276818928,batch.ind2,twoReg_postrelapse_num,2,2,7,27407.03,7.611588
fold6,29.548275178429815,127.03370503837279,batch.ind2,twoReg_postrelapse_num,2,2,7,27407.03,7.611588
fold7,15.834888839973587,92.92289285906381,batch.ind2,twoReg_postrelapse_num,2,2,7,27407.03,7.611588
fold8,34.11029702970297,83.4892983918515,batch.ind2,twoReg_postrelapse_num,2,2,7,27407.03,7.611588
fold9,13.96337222099934,76.22566604035994,batch.ind2,twoReg_postrelapse_num,2,2,7,27407.03,7.611588
fold10,12.013300037402917,99.01450527514862,batch.ind2,twoReg_postrelapse_num,2,2,7,27407.03,7.611588
fold1,29.885968579475442,100.09691342986655,batch.ind3,twoReg_postrelapse_num,2,3,8,27407.03,7.611588
fold2,30.275401069518715,82.46641801515578,batch.ind3,twoReg_postrelapse_num,2,3,8,27407.03,7.611588
fold3,37.97108910891089,102.91974790086812,batch.ind3,twoReg_postrelapse_num,2,3,8,27407.03,7.611588
fold4,14.249586867907897,103.76545842449008,batch.ind3,twoReg_postrelapse_num,2,3,8,27407.03,7.611588
fold5,28.216465226867445,115.79573040116946,batch.ind3,twoReg_postrelapse_num,2,3,8,27407.03,7.611588
fold6,17.914438502673796,98.55238213759773,batch.ind3,twoReg_postrelapse_num,2,3,8,27407.03,7.611588
fold7,29.967433667290543,120.30386788867712,batch.ind3,twoReg_postrelapse_num,2,3,8,27407.03,7.611588
fold8,16.23844544753936,101.6829425912659,batch.ind3,twoReg_postrelapse_num,2,3,8,27407.03,7.611588
fold9,27.818010782264274,103.96462000346561,batch.ind3,twoReg_postrelapse_num,2,3,8,27407.03,7.611588
fold10,36.04069306930693,128.93569520401732,batch.ind3,twoReg_postrelapse_num,2,3,8,27407.03,7.611588
fold1,25.975935828877006,125.51011748112846,batch.ind4,twoReg_postrelapse_num,2,4,9,27407.03,7.611588
fold2,14.009988779124773,89.35218101837405,batch.ind4,twoReg_postrelapse_num,2,4,9,27407.03,7.611588
fold3,11.955176587083287,100.36261220605813,batch.ind4,twoReg_postrelapse_num,2,4,9,27407.03,7.611588
fold4,37.84257894157773,118.57385358522826,batch.ind4,twoReg_postrelapse_num,2,4,9,27407.03,7.611588
fold5,18.12589285714286,108.81407304194778,batch.ind4,twoReg_postrelapse_num,2,4,9,27407.03,7.611588
fold6,24.00323467928265,97.17995618504938,batch.ind4,twoReg_postrelapse_num,2,4,9,27407.03,7.611588
fold7,38.73165440690658,113.38689529041245,batch.ind4,twoReg_postrelapse_num,2,4,9,27407.03,7.611588
fold8,25.975935828877006,113.79064958072084,batch.ind4,twoReg_postrelapse_num,2,4,9,27407.03,7.611588
fold9,33.972672243011225,82.83479496176395,batch.ind4,twoReg_postrelapse_num,2,4,9,27407.03,7.611588
fold10,21.824841535346422,114.53501615106602,batch.ind4,twoReg_postrelapse_num,2,4,9,27407.03,7.611588
fold1,32.305704099821746,103.4091854649893,batch.ind5,twoReg_postrelapse_num,2,5,10,27407.03,7.611588
fold2,20.27219970928952,94.26092264896198,batch.ind5,twoReg_postrelapse_num,2,5,10,27407.03,7.611588
fold3,41.98630302763598,92.70611510973391,batch.ind5,twoReg_postrelapse_num,2,5,10,27407.03,7.611588
fold4,37.978968822298114,124.89252068601304,batch.ind5,twoReg_postrelapse_num,2,5,10,27407.03,7.611588
fold5,19.71468659212959,82.79493352384281,batch.ind5,twoReg_postrelapse_num,2,5,10,27407.03,7.611588
fold6,30.068357440063405,118.3669783297781,batch.ind5,twoReg_postrelapse_num,2,5,10,27407.03,7.611588
fold7,24.019966557391477,118.71202920562916,batch.ind5,twoReg_postrelapse_num,2,5,10,27407.03,7.611588
fold8,23.835801355395176,102.89058506560468,batch.ind5,twoReg_postrelapse_num,2,5,10,27407.03,7.611588
fold9,34.404050187101035,113.23336477673303,batch.ind5,twoReg_postrelapse_num,2,5,10,27407.03,7.611588
fold10,37.74969743646165,145.8367141452888,batch.ind5,twoReg_postrelapse_num,2,5,10,27407.03,7.611588
fold1,22.262532197344957,113.07521128903706,batch.ind1,twoReg_postrelapse_num,3,1,11,27170.459,7.545852
fold2,32.18743121285494,103.8256961428576,batch.ind1,twoReg_postrelapse_num,3,1,11,27170.459,7.545852
fold3,23.826203208556148,70.87152964601931,batch.ind1,twoReg_postrelapse_num,3,1,11,27170.459,7.545852
fold4,20.00445632798574,90.74032998178426,batch.ind1,twoReg_postrelapse_num,3,1,11,27170.459,7.545852
fold5,26.118144202834756,120.81928991710343,batch.ind1,twoReg_postrelapse_num,3,1,11,27170.459,7.545852
fold6,19.88481363996828,84.62234838554193,batch.ind1,twoReg_postrelapse_num,3,1,11,27170.459,7.545852
fold7,21.67885597323708,115.01142451335751,batch.ind1,twoReg_postrelapse_num,3,1,11,27170.459,7.545852
fold8,32.60267857142857,123.77393419380071,batch.ind1,twoReg_postrelapse_num,3,1,11,27170.459,7.545852
fold9,39.819628121905595,83.33502649930202,batch.ind1,twoReg_postrelapse_num,3,1,11,27170.459,7.545852
fold10,17.99049504950495,128.03438876125807,batch.ind1,twoReg_postrelapse_num,3,1,11,27170.459,7.545852
fold1,26.36457301367149,114.67570585978456,batch.ind2,twoReg_postrelapse_num,3,2,12,27170.459,7.545852
fold2,28.189536802728572,122.51369322259933,batch.ind2,twoReg_postrelapse_num,3,2,12,27170.459,7.545852
fold3,29.952308132371062,89.33868126291499,batch.ind2,twoReg_postrelapse_num,3,2,12,27170.459,7.545852
fold4,25.851392711659145,121.18994678553092,batch.ind2,twoReg_postrelapse_num,3,2,12,27170.459,7.545852
fold5,19.9350356451329,109.24345317635391,batch.ind2,twoReg_postrelapse_num,3,2,12,27170.459,7.545852
fold6,28.022272376967962,102.43502818293804,batch.ind2,twoReg_postrelapse_num,3,2,12,27170.459,7.545852
fold7,37.9901542320301,112.13292388757041,batch.ind2,twoReg_postrelapse_num,3,2,12,27170.459,7.545852
fold8,25.67736185383244,116.89205864661838,batch.ind2,twoReg_postrelapse_num,3,2,12,27170.459,7.545852
fold9,27.75505551149881,99.15139625505002,batch.ind2,twoReg_postrelapse_num,3,2,12,27170.459,7.545852
fold10,9.9668324676468,67.79916141720113,batch.ind2,twoReg_postrelapse_num,3,2,12,27170.459,7.545852
fold1,20.53280585370154,94.412583789281,batch.ind3,twoReg_postrelapse_num,3,3,13,27170.459,7.545852
fold2,40.013315432696544,108.02072269716024,batch.ind3,twoReg_postrelapse_num,3,3,13,27170.459,7.545852
fold3,25.819353986974125,85.6856558679152,batch.ind3,twoReg_postrelapse_num,3,3,13,27170.459,7.545852
fold4,36.035645132899134,106.54918643397585,batch.ind3,twoReg_postrelapse_num,3,3,13,27170.459,7.545852
fold5,20.111947691698038,107.91510601170354,batch.ind3,twoReg_postrelapse_num,3,3,13,27170.459,7.545852
fold6,23.771527991895343,104.43168869033852,batch.ind3,twoReg_postrelapse_num,3,3,13,27170.459,7.545852
fold7,36.0332665947944,127.7659768262746,batch.ind3,twoReg_postrelapse_num,3,3,13,27170.459,7.545852
fold8,32.10115562403698,90.99042505540261,batch.ind3,twoReg_postrelapse_num,3,3,13,27170.459,7.545852
fold9,28.001925277239923,111.84581625339264,batch.ind3,twoReg_postrelapse_num,3,3,13,27170.459,7.545852
fold10,21.678033306899287,141.616594502261,batch.ind3,twoReg_postrelapse_num,3,3,13,27170.459,7.545852
fold1,34.07424359115414,115.65195964253108,batch.ind4,twoReg_postrelapse_num,3,4,14,27170.459,7.545852
fold2,36.13515446224257,140.0223176285229,batch.ind4,twoReg_postrelapse_num,3,4,14,27170.459,7.545852
fold3,27.968755500792113,99.46170653502236,batch.ind4,twoReg_postrelapse_num,3,4,14,27170.459,7.545852
fold4,35.938991108372214,110.39224548174177,batch.ind4,twoReg_postrelapse_num,3,4,14,27170.459,7.545852
fold5,29.711985472154964,105.16698560549185,batch.ind4,twoReg_postrelapse_num,3,4,14,27170.459,7.545852
fold6,26.267070618045608,99.0868703284403,batch.ind4,twoReg_postrelapse_num,3,4,14,27170.459,7.545852
fold7,15.787008697566883,87.7320256878104,batch.ind4,twoReg_postrelapse_num,3,4,14,27170.459,7.545852
fold8,27.75505551149881,116.9477615464406,batch.ind4,twoReg_postrelapse_num,3,4,14,27170.459,7.545852
fold9,11.934485565921491,108.25162010187783,batch.ind4,twoReg_postrelapse_num,3,4,14,27170.459,7.545852
fold10,24.014860313057262,91.07210455801706,batch.ind4,twoReg_postrelapse_num,3,4,14,27170.459,7.545852
fold1,25.975935828877006,125.41087893062769,batch.ind5,twoReg_postrelapse_num,3,5,15,27170.459,7.545852
fold2,18.050992342897377,96.48644342773039,batch.ind5,twoReg_postrelapse_num,3,5,15,27170.459,7.545852
fold3,31.653316742280758,109.7469797702879,batch.ind5,twoReg_postrelapse_num,3,5,15,27170.459,7.545852
fold4,12.122103386809268,101.26304962903586,batch.ind5,twoReg_postrelapse_num,3,5,15,27170.459,7.545852
fold5,21.89783431640109,97.2069995605435,batch.ind5,twoReg_postrelapse_num,3,5,15,27170.459,7.545852
fold6,29.96879334257975,89.61373926975546,batch.ind5,twoReg_postrelapse_num,3,5,15,27170.459,7.545852
fold7,20.095575610829847,113.95556681511506,batch.ind5,twoReg_postrelapse_num,3,5,15,27170.459,7.545852
fold8,27.98079207920792,90.68258686238234,batch.ind5,twoReg_postrelapse_num,3,5,15,27170.459,7.545852
fold9,26.293952350516825,89.2725168171412,batch.ind5,twoReg_postrelapse_num,3,5,15,27170.459,7.545852
fold10,29.996765747728325,124.76526594947096,batch.ind5,twoReg_postrelapse_num,3,5,15,27170.459,7.545852
fold1,32.04652262876505,118.28648520416215,batch.ind1,twoReg_postrelapse_num,4,1,16,27386.66,7.606061
fold2,14.092691622103386,108.37830655876313,batch.ind1,twoReg_postrelapse_num,4,1,16,27386.66,7.606061
fold3,34.14522342064715,83.3239307172485,batch.ind1,twoReg_postrelapse_num,4,1,16,27386.66,7.606061
fold4,17.91831323710614,91.57751630403156,batch.ind1,twoReg_postrelapse_num,4,1,16,27386.66,7.606061
fold5,11.931001848754292,93.22630184244535,batch.ind1,twoReg_postrelapse_num,4,1,16,27386.66,7.606061
fold6,24.18776027321802,117.08839893414748,batch.ind1,twoReg_postrelapse_num,4,1,16,27386.66,7.606061
fold7,23.906231421336564,117.89575082272296,batch.ind1,twoReg_postrelapse_num,4,1,16,27386.66,7.606061
fold8,30.08029285478366,109.82352663244127,batch.ind1,twoReg_postrelapse_num,4,1,16,27386.66,7.606061
fold9,42.090594059405944,116.74947852074736,batch.ind1,twoReg_postrelapse_num,4,1,16,27386.66,7.606061
fold10,21.89783431640109,93.94515651502856,batch.ind1,twoReg_postrelapse_num,4,1,16,27386.66,7.606061
fold1,14.050099009900991,111.95406184560962,batch.ind2,twoReg_postrelapse_num,4,2,17,27386.66,7.606061
fold2,31.928604446401057,105.58720264178795,batch.ind2,twoReg_postrelapse_num,4,2,17,27386.66,7.606061
fold3,42.06266784063394,120.18794128295399,batch.ind2,twoReg_postrelapse_num,4,2,17,27386.66,7.606061
fold4,44.37357701200044,132.03793353605727,batch.ind2,twoReg_postrelapse_num,4,2,17,27386.66,7.606061
fold5,14.114149573025795,86.2446656469926,batch.ind2,twoReg_postrelapse_num,4,2,17,27386.66,7.606061
fold6,36.10301562843936,109.45079367088206,batch.ind2,twoReg_postrelapse_num,4,2,17,27386.66,7.606061
fold7,31.94108910891089,106.9120417996625,batch.ind2,twoReg_postrelapse_num,4,2,17,27386.66,7.606061
fold8,30.143363416244775,107.63970130728909,batch.ind2,twoReg_postrelapse_num,4,2,17,27386.66,7.606061
fold9,21.788695920481345,114.42519375447438,batch.ind2,twoReg_postrelapse_num,4,2,17,27386.66,7.606061
fold10,26.129999999999995,127.04988228596986,batch.ind2,twoReg_postrelapse_num,4,2,17,27386.66,7.606061
fold1,27.96089108910891,110.85431760424501,batch.ind3,twoReg_postrelapse_num,4,3,18,27386.66,7.606061
fold2,29.678253119429588,117.01058904054435,batch.ind3,twoReg_postrelapse_num,4,3,18,27386.66,7.606061
fold3,29.819629026579825,107.85174834375329,batch.ind3,twoReg_postrelapse_num,4,3,18,27386.66,7.606061
fold4,38.14708342504953,129.6393450492013,batch.ind3,twoReg_postrelapse_num,4,3,18,27386.66,7.606061
fold5,38.67377081681205,86.20410205387661,batch.ind3,twoReg_postrelapse_num,4,3,18,27386.66,7.606061
fold6,16.26822446372726,99.5068586309727,batch.ind3,twoReg_postrelapse_num,4,3,18,27386.66,7.606061
fold7,22.03475935828877,106.44536194167793,batch.ind3,twoReg_postrelapse_num,4,3,18,27386.66,7.606061
fold8,26.725448936873416,91.75027090832958,batch.ind3,twoReg_postrelapse_num,4,3,18,27386.66,7.606061
fold9,9.996710743437989,81.24163671624703,batch.ind3,twoReg_postrelapse_num,4,3,18,27386.66,7.606061
fold10,34.11843205421581,112.64595935079538,batch.ind3,twoReg_postrelapse_num,4,3,18,27386.66,7.606061
fold1,38.019197764478086,106.2201676795052,batch.ind4,twoReg_postrelapse_num,4,4,19,27386.66,7.606061
fold2,27.818208836932833,94.3782595552525,batch.ind4,twoReg_postrelapse_num,4,4,19,27386.66,7.606061
fold3,21.930891089108908,110.32220790046149,batch.ind4,twoReg_postrelapse_num,4,4,19,27386.66,7.606061
fold4,42.748760603723696,101.46373167373186,batch.ind4,twoReg_postrelapse_num,4,4,19,27386.66,7.606061
fold5,14.083887079739483,74.4874485252365,batch.ind4,twoReg_postrelapse_num,4,4,19,27386.66,7.606061
fold6,21.97082709745576,92.86509408364279,batch.ind4,twoReg_postrelapse_num,4,4,19,27386.66,7.606061
fold7,23.88591800356506,131.49418572730568,batch.ind4,twoReg_postrelapse_num,4,4,19,27386.66,7.606061
fold8,9.931686654197382,116.3679836831443,batch.ind4,twoReg_postrelapse_num,4,4,19,27386.66,7.606061
fold9,21.975044563279855,110.2810054891224,batch.ind4,twoReg_postrelapse_num,4,4,19,27386.66,7.606061
fold10,30.106165741475017,94.81177465816218,batch.ind4,twoReg_postrelapse_num,4,4,19,27386.66,7.606061
fold1,29.84057173060829,120.75295207889829,batch.ind5,twoReg_postrelapse_num,4,5,20,27386.66,7.606061
fold2,16.02029702970297,99.12496553967512,batch.ind5,twoReg_postrelapse_num,4,5,20,27386.66,7.606061
fold3,52.071301247771835,126.06533019529758,batch.ind5,twoReg_postrelapse_num,4,5,20,27386.66,7.606061
fold4,32.004312905710194,108.64019159834653,batch.ind5,twoReg_postrelapse_num,4,5,20,27386.66,7.606061
fold5,36.969207888068745,100.26805308631447,batch.ind5,twoReg_postrelapse_num,4,5,20,27386.66,7.606061
fold6,16.12558626004624,72.55512093467928,batch.ind5,twoReg_postrelapse_num,4,5,20,27386.66,7.606061
fold7,17.996732745154123,111.48379266395919,batch.ind5,twoReg_postrelapse_num,4,5,20,27386.66,7.606061
fold8,33.95034212668588,97.8067419854231,batch.ind5,twoReg_postrelapse_num,4,5,20,27386.66,7.606061
fold9,31.76827094474153,95.9813352756945,batch.ind5,twoReg_postrelapse_num,4,5,20,27386.66,7.606061
fold10,18.207131216138837,106.47289193976209,batch.ind5,twoReg_postrelapse_num,4,5,20,27386.66,7.606061
fold1,24.097435615232225,116.12449868719662,batch.ind1,twoReg_postrelapse_num,5,1,21,27332.035,7.590971
fold2,31.92024965325936,97.63741975329236,batch.ind1,twoReg_postrelapse_num,5,1,21,27332.035,7.590971
fold3,28.153988459674935,93.91854661764391,batch.ind1,twoReg_postrelapse_num,5,1,21,27332.035,7.590971
fold4,9.978127406755418,106.84170341069365,batch.ind1,twoReg_postrelapse_num,5,1,21,27332.035,7.590971
fold5,35.52446998216762,85.71104472171038,batch.ind1,twoReg_postrelapse_num,5,1,21,27332.035,7.590971
fold6,20.18185119964781,127.10830372425751,batch.ind1,twoReg_postrelapse_num,5,1,21,27332.035,7.590971
fold7,20.163758921490878,108.24113387406429,batch.ind1,twoReg_postrelapse_num,5,1,21,27332.035,7.590971
fold8,20.12876802818452,98.86201272725341,batch.ind1,twoReg_postrelapse_num,5,1,21,27332.035,7.590971
fold9,28.06595365418895,90.57455092048642,batch.ind1,twoReg_postrelapse_num,5,1,21,27332.035,7.590971
fold10,15.934760605527195,87.47992055003765,batch.ind1,twoReg_postrelapse_num,5,1,21,27332.035,7.590971
fold1,25.795583276397856,108.84606169505052,batch.ind2,twoReg_postrelapse_num,5,2,22,27332.035,7.590971
fold2,20.354486403170757,104.15700210312335,batch.ind2,twoReg_postrelapse_num,5,2,22,27332.035,7.590971
fold3,20.111947691698038,124.94668636378616,batch.ind2,twoReg_postrelapse_num,5,2,22,27332.035,7.590971
fold4,24.142556936956762,70.33512143094197,batch.ind2,twoReg_postrelapse_num,5,2,22,27332.035,7.590971
fold5,32.14363516338431,97.39343742678776,batch.ind2,twoReg_postrelapse_num,5,2,22,27332.035,7.590971
fold6,44.30661810018488,139.5221742051866,batch.ind2,twoReg_postrelapse_num,5,2,22,27332.035,7.590971
fold7,13.990088226881696,102.94269176404383,batch.ind2,twoReg_postrelapse_num,5,2,22,27332.035,7.590971
fold8,28.08231358394225,94.97378653693993,batch.ind2,twoReg_postrelapse_num,5,2,22,27332.035,7.590971
fold9,38.53429817605075,86.39213850355068,batch.ind2,twoReg_postrelapse_num,5,2,22,27332.035,7.590971
fold10,28.05021454505446,110.41746425887014,batch.ind2,twoReg_postrelapse_num,5,2,22,27332.035,7.590971
fold1,47.677217697556685,114.38043536528205,batch.ind3,twoReg_postrelapse_num,5,3,23,27332.035,7.590971
fold2,22.189805440619775,109.41875405493984,batch.ind3,twoReg_postrelapse_num,5,3,23,27332.035,7.590971
fold3,35.82316227461858,119.12761804947255,batch.ind3,twoReg_postrelapse_num,5,3,23,27332.035,7.590971
fold4,14.041156791971124,101.69836969048053,batch.ind3,twoReg_postrelapse_num,5,3,23,27332.035,7.590971
fold5,30.0683574400634,129.13821901639983,batch.ind3,twoReg_postrelapse_num,5,3,23,27332.035,7.590971
fold6,13.85932236972459,112.42306304312358,batch.ind3,twoReg_postrelapse_num,5,3,23,27332.035,7.590971
fold7,18.072087138299043,88.85209889970118,batch.ind3,twoReg_postrelapse_num,5,3,23,27332.035,7.590971
fold8,10.050442263685971,101.1902219545898,batch.ind3,twoReg_postrelapse_num,5,3,23,27332.035,7.590971
fold9,44.16887431790178,111.82374847604338,batch.ind3,twoReg_postrelapse_num,5,3,23,27332.035,7.590971
fold10,31.71868122193855,109.83462805185913,batch.ind3,twoReg_postrelapse_num,5,3,23,27332.035,7.590971
fold1,25.964251899152263,109.60361548222518,batch.ind4,twoReg_postrelapse_num,5,4,24,27332.035,7.590971
fold2,12.001617339641324,88.08521571870955,batch.ind4,twoReg_postrelapse_num,5,4,24,27332.035,7.590971
fold3,30.229639005062737,96.61799370017098,batch.ind4,twoReg_postrelapse_num,5,4,24,27332.035,7.590971
fold4,21.984927829607464,112.5593955426912,batch.ind4,twoReg_postrelapse_num,5,4,24,27332.035,7.590971
fold5,32.08039603960396,109.09246020289913,batch.ind4,twoReg_postrelapse_num,5,4,24,27332.035,7.590971
fold6,32.97437934458789,98.81411474911758,batch.ind4,twoReg_postrelapse_num,5,4,24,27332.035,7.590971
fold7,23.986798970319683,119.36056109707151,batch.ind4,twoReg_postrelapse_num,5,4,24,27332.035,7.590971
fold8,23.862003697508584,76.22744540552833,batch.ind4,twoReg_postrelapse_num,5,4,24,27332.035,7.590971
fold9,25.96275822578514,95.17619178679134,batch.ind4,twoReg_postrelapse_num,5,4,24,27332.035,7.590971
fold10,21.70826546335021,136.13536586964352,batch.ind4,twoReg_postrelapse_num,5,4,24,27332.035,7.590971
fold1,25.86675252625322,88.2539431194818,batch.ind5,twoReg_postrelapse_num,5,5,25,27332.035,7.590971
fold2,28.271846797270527,125.03409193736692,batch.ind5,twoReg_postrelapse_num,5,5,25,27332.035,7.590971
fold3,12.00082511881711,106.11006490889514,batch.ind5,twoReg_postrelapse_num,5,5,25,27332.035,7.590971
fold4,29.60852627872172,80.64652674800558,batch.ind5,twoReg_postrelapse_num,5,5,25,27332.035,7.590971
fold5,21.983476711183474,110.1926677180204,batch.ind5,twoReg_postrelapse_num,5,5,25,27332.035,7.590971
fold6,15.884135472370765,115.69531039346234,batch.ind5,twoReg_postrelapse_num,5,5,25,27332.035,7.590971
fold7,28.017337031900137,125.27199723014343,batch.ind5,twoReg_postrelapse_num,5,5,25,27332.035,7.590971
fold8,52.02418005723091,118.1926417020838,batch.ind5,twoReg_postrelapse_num,5,5,25,27332.035,7.590971
fold9,14.308474576271188,84.93508066429793,batch.ind5,twoReg_postrelapse_num,5,5,25,27332.035,7.590971
fold10,25.966316623736873,86.22733329291924,batch.ind5,twoReg_postrelapse_num,5,5,25,27332.035,7.590971
